question_type,budget,budget_pct,n_questions,accuracy,fullload_accuracy,delta_vs_fullload_pp,both_correct,budget_only_correct,fullload_only_correct,neither_correct,recompute_accuracy,delta_vs_recompute_pp,both_correct_vs_recompute,budget_only_correct_vs_recompute,recompute_only_correct,neither_correct_vs_recompute
all,0.2,20,240,0.5458333333333333,0.6125,-6.666666666666677,116,15,31,78,0.625,-7.916666666666671,118,13,32,77
all,0.25,25,240,0.5791666666666667,0.6125,-3.3333333333333326,128,11,19,82,0.625,-4.583333333333329,130,9,20,81
all,0.3,30,240,0.5875,0.6125,-2.500000000000002,130,11,17,82,0.625,-3.749999999999998,132,9,18,81
all,0.35,35,240,0.5916666666666667,0.6125,-2.083333333333337,133,9,14,84,0.625,-3.3333333333333326,134,8,16,82
all,0.4,40,240,0.5916666666666667,0.6125,-2.083333333333337,137,5,10,88,0.625,-3.3333333333333326,138,4,12,86
all,0.45,45,240,0.6041666666666666,0.6125,-0.8333333333333415,141,4,6,89,0.625,-2.083333333333337,143,2,7,88
all,0.5,50,240,0.6,0.6125,-1.2500000000000067,140,4,7,89,0.625,-2.500000000000002,142,2,8,88
color,0.2,20,15,0.4,0.4,0.0,5,1,1,8,0.4,0.0,5,1,1,8
color,0.25,25,15,0.4666666666666667,0.4,6.666666666666665,6,1,0,8,0.4,6.666666666666665,6,1,0,8
color,0.3,30,15,0.4666666666666667,0.4,6.666666666666665,6,1,0,8,0.4,6.666666666666665,6,1,0,8
color,0.35,35,15,0.5333333333333333,0.4,13.33333333333333,6,2,0,7,0.4,13.33333333333333,6,2,0,7
color,0.4,40,15,0.4666666666666667,0.4,6.666666666666665,6,1,0,8,0.4,6.666666666666665,6,1,0,8
color,0.45,45,15,0.4,0.4,0.0,6,0,0,9,0.4,0.0,6,0,0,9
color,0.5,50,15,0.4,0.4,0.0,6,0,0,9,0.4,0.0,6,0,0,9
material/attribute,0.2,20,11,0.8181818181818182,0.45454545454545453,36.36363636363637,5,4,0,2,0.6363636363636364,18.181818181818187,7,2,0,2
material/attribute,0.25,25,11,0.7272727272727273,0.45454545454545453,27.272727272727277,5,3,0,3,0.6363636363636364,9.090909090909093,6,2,1,2
material/attribute,0.3,30,11,0.6363636363636364,0.45454545454545453,18.181818181818183,4,3,1,3,0.6363636363636364,0.0,5,2,2,2
material/attribute,0.35,35,11,0.7272727272727273,0.45454545454545453,27.272727272727277,5,3,0,3,0.6363636363636364,9.090909090909093,6,2,1,2
material/attribute,0.4,40,11,0.6363636363636364,0.45454545454545453,18.181818181818183,5,2,0,4,0.6363636363636364,0.0,6,1,1,3
material/attribute,0.45,45,11,0.7272727272727273,0.45454545454545453,27.272727272727277,5,3,0,3,0.6363636363636364,9.090909090909093,7,1,0,3
material/attribute,0.5,50,11,0.6363636363636364,0.45454545454545453,18.181818181818183,4,3,1,3,0.6363636363636364,0.0,6,1,1,3
object,0.2,20,60,0.48333333333333334,0.55,-6.6666666666666705,27,2,6,25,0.55,-6.6666666666666705,27,2,6,25
object,0.25,25,60,0.5,0.55,-5.000000000000004,30,0,3,27,0.55,-5.000000000000004,30,0,3,27
object,0.3,30,60,0.5333333333333333,0.55,-1.6666666666666718,31,1,2,26,0.55,-1.6666666666666718,31,1,2,26
object,0.35,35,60,0.5,0.55,-5.000000000000004,29,1,4,26,0.55,-5.000000000000004,29,1,4,26
object,0.4,40,60,0.5,0.55,-5.000000000000004,30,0,3,27,0.55,-5.000000000000004,30,0,3,27
object,0.45,45,60,0.5166666666666667,0.55,-3.3333333333333326,31,0,2,27,0.55,-3.3333333333333326,31,0,2,27
object,0.5,50,60,0.5166666666666667,0.55,-3.3333333333333326,31,0,2,27,0.55,-3.3333333333333326,31,0,2,27
other,0.2,20,7,0.2857142857142857,0.5714285714285714,-28.57142857142857,2,0,2,3,0.5714285714285714,-28.57142857142857,2,0,2,3
other,0.25,25,7,0.5714285714285714,0.5714285714285714,0.0,4,0,0,3,0.5714285714285714,0.0,4,0,0,3
other,0.3,30,7,0.5714285714285714,0.5714285714285714,0.0,4,0,0,3,0.5714285714285714,0.0,4,0,0,3
other,0.35,35,7,0.5714285714285714,0.5714285714285714,0.0,4,0,0,3,0.5714285714285714,0.0,4,0,0,3
other,0.4,40,7,0.5714285714285714,0.5714285714285714,0.0,4,0,0,3,0.5714285714285714,0.0,4,0,0,3
other,0.45,45,7,0.5714285714285714,0.5714285714285714,0.0,4,0,0,3,0.5714285714285714,0.0,4,0,0,3
other,0.5,50,7,0.5714285714285714,0.5714285714285714,0.0,4,0,0,3,0.5714285714285714,0.0,4,0,0,3
spatial,0.2,20,50,0.5,0.6,-9.999999999999998,24,1,6,19,0.6,-9.999999999999998,24,1,6,19
spatial,0.25,25,50,0.48,0.6,-12.0,23,1,7,19,0.6,-12.0,23,1,7,19
spatial,0.3,30,50,0.52,0.6,-7.9999999999999964,25,1,5,19,0.6,-7.9999999999999964,25,1,5,19
spatial,0.35,35,50,0.54,0.6,-5.999999999999995,26,1,4,19,0.6,-5.999999999999995,26,1,4,19
spatial,0.4,40,50,0.54,0.6,-5.999999999999995,26,1,4,19,0.6,-5.999999999999995,26,1,4,19
spatial,0.45,45,50,0.56,0.6,-3.9999999999999925,27,1,3,19,0.6,-3.9999999999999925,27,1,3,19
spatial,0.5,50,50,0.56,0.6,-3.9999999999999925,27,1,3,19,0.6,-3.9999999999999925,27,1,3,19
yes/no,0.2,20,97,0.6185567010309279,0.711340206185567,-9.278350515463918,53,7,16,21,0.7216494845360825,-10.309278350515461,53,7,17,20
yes/no,0.25,25,97,0.6804123711340206,0.711340206185567,-3.0927835051546393,60,6,9,22,0.7216494845360825,-4.123711340206182,61,5,9,22
yes/no,0.3,30,97,0.6701030927835051,0.711340206185567,-4.123711340206193,60,5,9,23,0.7216494845360825,-5.154639175257736,61,4,9,23
yes/no,0.35,35,97,0.6701030927835051,0.711340206185567,-4.123711340206193,63,2,6,26,0.7216494845360825,-5.154639175257736,63,2,7,25
yes/no,0.4,40,97,0.6907216494845361,0.711340206185567,-2.0618556701030966,66,1,3,27,0.7216494845360825,-3.0927835051546393,66,1,4,26
yes/no,0.45,45,97,0.7010309278350515,0.711340206185567,-1.0309278350515538,68,0,1,28,0.7216494845360825,-2.0618556701030966,68,0,2,27
yes/no,0.5,50,97,0.7010309278350515,0.711340206185567,-1.0309278350515538,68,0,1,28,0.7216494845360825,-2.0618556701030966,68,0,2,27
