image_id,question_id,question,question_type,gold,fullload_prediction,fullload_correct,prediction_20,correct_20,prediction_25,correct_25,prediction_30,correct_30,prediction_35,correct_35,prediction_40,correct_40,prediction_45,correct_45,prediction_50,correct_50,first_correct_budget,stable_correct_from_budget,prediction_stabilization_budget,wrong25_recovered_at_30_or_35,wrong25_never_recovers_through50,fullload_correct_but_50_wrong,fullload_correct_25wrong,fullload_correct_25wrong_recovered_at_30_or_35,fullload_correct_25wrong_never_recovers_through50
n355567,201751701,Is the clock to the right of the lady near the tennis ball?,yes/no,"[""yes""]",Yes,1,Yes,1,Yes,1,Yes,1,Yes,1,Yes,1,Yes,1,Yes,1,0.2,0.2,0.2,False,False,False,False,False,False
n355567,201751740,Does the person to the left of the lady look happy and modern?,yes/no,"[""yes""]",Yes,1,Yes,1,Yes,1,Yes,1,Yes,1,Yes,1,Yes,1,Yes,1,0.2,0.2,0.2,False,False,False,False,False,False
n355567,201751873,How large is the wire net?,material/attribute,"[""small""]",Large,0,Small,1,Small,1,Small,1,Small,1,Large,0,Large,0,Large,0,0.2,,0.4,False,False,False,False,False,False
n355567,201751760,What is the color of the lady that is about to hit the tennis ball?,color,"[""blond""]",White,0,White,0,White,0,White,0,Blond,1,White,0,White,0,White,0,0.35,,0.4,True,False,False,False,False,False
n355567,201751862,Is the tennis net rectangular and small?,yes/no,"[""yes""]",No,0,No,0,No,0,No,0,No,0,No,0,No,0,No,0,,,0.2,False,True,False,False,False,False
n355567,201751594,What is the lady that is not antique playing with?,object,"[""tennis ball""]",Racket,0,Racket,0,Ball,0,Racket,0,Racket,0,Racket,0,Racket,0,Racket,0,,,0.3,False,True,False,False,False,False
n9181,20929611,Is the brown cowboy hat below the small sign?,yes/no,"[""yes""]",Yes,1,Yes,1,Yes,1,Yes,1,Yes,1,Yes,1,Yes,1,Yes,1,0.2,0.2,0.2,False,False,False,False,False,False
n9181,20929389,Is the motorcycle near the jacket black and metallic?,yes/no,"[""no""]",No,1,No,1,No,1,Yes,0,No,1,No,1,No,1,No,1,0.2,0.35,0.35,False,False,False,False,False,False
n9181,20929384,Is the motorcycle on the right part?,yes/no,"[""no""]",No,1,Yes,0,No,1,No,1,No,1,No,1,No,1,No,1,0.25,0.25,0.25,False,False,False,False,False,False
n9181,20929555,What's the wheelchair in front of?,spatial,"[""vest""]",Building,0,Cement,0,Curb,0,Curb,0,Wall,0,Wall,0,Building,0,Building,0,,,0.45,False,True,False,False,False,False
n9181,20929553,What is in front of the vest?,spatial,"[""wheelchair""]",Motorcycle,0,Motorcycle,0,Motorcycle,0,Motorcycle,0,Motorcycle,0,Motorcycle,0,Motorcycle,0,Motorcycle,0,,,0.2,False,True,False,False,False,False
n9181,20929280,Is the motorbike made of the same material as the sign?,yes/no,"[""yes""]",No,0,No,0,No,0,No,0,No,0,No,0,No,0,No,0,,,0.2,False,True,False,False,False,False
n390187,201861403,What's the person riding?,object,"[""motorcycle""]",Motorcycle,1,Motorcycle,1,Motorcycle,1,Motorcycle,1,Motorcycle,1,Motorcycle,1,Motorcycle,1,Motorcycle,1,0.2,0.2,0.2,False,False,False,False,False,False
n390187,201861402,The person is riding what?,other,"[""motorcycle""]",Motorcycle,1,Honda,0,Motorcycle,1,Motorcycle,1,Motorcycle,1,Motorcycle,1,Motorcycle,1,Motorcycle,1,0.25,0.25,0.25,False,False,False,False,False,False
n390187,201861409,Is the person wearing a glove?,yes/no,"[""yes""]",No,0,No,0,No,0,No,0,No,0,No,0,No,0,No,0,,,0.2,False,True,False,False,False,False
n390187,201861267,Does the mirror to the left of the person look brown and small?,yes/no,"[""no""]",No,1,No,1,Yes,0,Yes,0,Yes,0,No,1,No,1,No,1,0.2,0.4,0.4,False,False,False,True,False,False
n390187,201861586,What is the color of the dirty sneakers?,color,"[""gray""]",Gray,1,Gray,1,Gray,1,Gray,1,Gray,1,Gray,1,Gray,1,Gray,1,0.2,0.2,0.2,False,False,False,False,False,False
n390187,201861325,Is the small mirror on the motorcycle?,yes/no,"[""yes""]",Yes,1,Yes,1,Yes,1,Yes,1,Yes,1,Yes,1,Yes,1,Yes,1,0.2,0.2,0.2,False,False,False,False,False,False
n133585,202108008,What is the color of the hat?,color,"[""blue""]",Blue,1,Blue,1,Blue,1,Blue,1,Blue,1,Blue,1,Blue,1,Blue,1,0.2,0.2,0.2,False,False,False,False,False,False
n133585,202107840,Are there any boys to the right of the fat person?,yes/no,"[""yes""]",Yes,1,Yes,1,Yes,1,Yes,1,Yes,1,Yes,1,Yes,1,Yes,1,0.2,0.2,0.2,False,False,False,False,False,False
n133585,202107827,Who wears a shirt?,object,"[""boy""]",Boy,1,Boy,1,Boy,1,Boy,1,Boy,1,Boy,1,Boy,1,Boy,1,0.2,0.2,0.2,False,False,False,False,False,False
n133585,202107931,Is the person to the left of the boy wearing jeans?,yes/no,"[""no""]",No,1,No,1,No,1,No,1,No,1,No,1,No,1,No,1,0.2,0.2,0.2,False,False,False,False,False,False
n133585,202107938,Is the fat person to the right or to the left of the boy that is wearing pants?,yes/no,"[""left""]",Right,0,Right,0,Right,0,Right,0,Right,0,Right,0,Right,0,Right,0,,,0.2,False,True,False,False,False,False
n133585,202107808,Who is standing?,object,"[""boy""]",Boy,1,Boy,1,Boy,1,Boy,1,Boy,1,Boy,1,Boy,1,Boy,1,0.2,0.2,0.2,False,False,False,False,False,False
n272098,201535625,How is that food called?,other,"[""donuts""]",Donut,0,Donut,0,Donut,0,Donut,0,Donut,0,Donut,0,Donut,0,Donut,0,,,0.2,False,True,False,False,False,False
n272098,201535624,What kind of baked good is it?,object,"[""donuts""]",Donut,0,Krispy kreme,0,Donut,0,Donut,0,Donut,0,Donut,0,Donut,0,Donut,0,,,0.25,False,True,False,False,False,False
n272098,201535627,How is the glazed food called?,other,"[""donuts""]",Donut,0,Donut,0,Donut,0,Donut,0,Donut,0,Donut,0,Donut,0,Donut,0,,,0.2,False,True,False,False,False,False
n272098,201535605,Is the box different in color than the hat?,yes/no,"[""no""]",Yes,0,Yes,0,Yes,0,Yes,0,Yes,0,Yes,0,Yes,0,Yes,0,,,0.2,False,True,False,False,False,False
n272098,201535661,"How do the food to the left of the rope look, white or dark brown?",spatial,"[""dark brown""]",Dark brown,1,Dark brown,1,Dark brown,1,Dark brown,1,Dark brown,1,Dark brown,1,Dark brown,1,Dark brown,1,0.2,0.2,0.2,False,False,False,False,False,False
n272098,201535640,What food is frosted?,object,"[""donuts""]",Donut,0,Donut,0,Donut,0,Donut,0,Donut,0,Donut,0,Donut,0,Donut,0,,,0.2,False,True,False,False,False,False
n472825,202101069,What is the gender of the skateboarder to the right of the lamp?,spatial,"[""female""]",Male,0,Male,0,Male,0,Male,0,Male,0,Male,0,Male,0,Male,0,,,0.2,False,True,False,False,False,False
n472825,202101167,Who is riding on a skateboard?,object,"[""skateboarder""]",Boy,0,Boy,0,Boy,0,Boy,0,Boy,0,Boy,0,Boy,0,Boy,0,,,0.2,False,True,False,False,False,False
n472825,202101162,Who is wearing the jeans?,object,"[""skateboarder""]",Boy,0,Skateboarder,1,Boy,0,Boy,0,Boy,0,Boy,0,Boy,0,Boy,0,0.2,,0.25,False,True,False,False,False,False
n472825,202101163,What is the skateboarder that is not female wearing?,object,"[""jeans""]",Jeans,1,Pants,0,Pants,0,Pants,0,Pants,0,Pants,0,Pants,0,Pants,0,,,0.2,False,True,True,True,False,True
n472825,202101161,Who is wearing jeans?,object,"[""skateboarder""]",Boy,0,Skateboarder,1,Boy,0,Boy,0,Boy,0,Boy,0,Boy,0,Boy,0,0.2,,0.25,False,True,False,False,False,False
n472825,202101149,Do you see a skateboarder that is not female?,yes/no,"[""yes""]",No,0,Yes,1,No,0,No,0,No,0,No,0,No,0,No,0,0.2,,0.25,False,True,False,False,False,False
n450919,2093976,How clean is the mud near the grass?,spatial,"[""dirty""]",Dirty,1,Dirty,1,Dirty,1,Dirty,1,Dirty,1,Dirty,1,Dirty,1,Dirty,1,0.2,0.2,0.2,False,False,False,False,False,False
n450919,2093757,The hat is what size?,material/attribute,"[""small""]",Large,0,Small,1,Large,0,Large,0,Large,0,Large,0,Small,1,Small,1,0.2,0.45,0.45,False,False,False,False,False,False
n450919,2093752,Is the hat blue and small?,yes/no,"[""no""]",No,1,Yes,0,No,1,No,1,No,1,No,1,No,1,No,1,0.25,0.25,0.25,False,False,False,False,False,False
n450919,2093912,What animal is in the mud?,object,"[""giraffe""]",Giraffe,1,Giraffe,1,Giraffe,1,Giraffe,1,Giraffe,1,Giraffe,1,Giraffe,1,Giraffe,1,0.2,0.2,0.2,False,False,False,False,False,False
n450919,2093911,What animal is in the brown mud?,object,"[""giraffe""]",Giraffe,1,Giraffe,1,Giraffe,1,Giraffe,1,Giraffe,1,Giraffe,1,Giraffe,1,Giraffe,1,0.2,0.2,0.2,False,False,False,False,False,False
n450919,2093918,Is there an elephant in the mud?,yes/no,"[""no""]",No,1,No,1,No,1,No,1,No,1,No,1,No,1,No,1,0.2,0.2,0.2,False,False,False,False,False,False
n37274,202144724,What is sitting atop the crate?,object,"[""blender""]",Blender,1,Blender,1,Blender,1,Blender,1,Blender,1,Blender,1,Blender,1,Blender,1,0.2,0.2,0.2,False,False,False,False,False,False
n37274,202144703,What appliance is right of the liquor?,spatial,"[""blender""]",Blender,1,Blender,1,Blender,1,Blender,1,Blender,1,Blender,1,Blender,1,Blender,1,0.2,0.2,0.2,False,False,False,False,False,False
n37274,202144680,Which side is the blender on?,spatial,"[""right""]",Right,1,Right,1,Right,1,Right,1,Right,1,Right,1,Right,1,Right,1,0.2,0.2,0.2,False,False,False,False,False,False
n37274,202144681,What is the appliance to the right of the man that is in front of the bicycle?,spatial,"[""blender""]",Blender,1,Blender,1,Blender,1,Blender,1,Blender,1,Blender,1,Blender,1,Blender,1,0.2,0.2,0.2,False,False,False,False,False,False
n37274,202144469,Is the man that is to the left of the liquor wearing gloves?,yes/no,"[""no""]",No,1,No,1,No,1,No,1,No,1,No,1,No,1,No,1,0.2,0.2,0.2,False,False,False,False,False,False
n37274,202144325,What do the watch and the bicycle have in common?,object,"[""material""]",Color,0,Color,0,Color,0,Color,0,Color,0,Color,0,Color,0,Color,0,,,0.2,False,True,False,False,False,False
n293477,20856909,Which kind of bag is green?,object,"[""purse""]",Purse,1,Purse,1,Purse,1,Purse,1,Purse,1,Purse,1,Purse,1,Purse,1,0.2,0.2,0.2,False,False,False,False,False,False
n293477,20856756,What is the item of furniture called?,object,"[""bed""]",Bed,1,Bed,1,Bed,1,Bed,1,Bed,1,Bed,1,Bed,1,Bed,1,0.2,0.2,0.2,False,False,False,False,False,False
n293477,20856758,Which kind of furniture is it?,object,"[""bed""]",Bed,1,Bed,1,Bed,1,Bed,1,Bed,1,Bed,1,Bed,1,Bed,1,0.2,0.2,0.2,False,False,False,False,False,False
n293477,20856731,Is the wallet lying on top of a desk?,yes/no,"[""no""]",No,1,No,1,No,1,No,1,No,1,No,1,No,1,No,1,0.2,0.2,0.2,False,False,False,False,False,False
n293477,20857065,What is the color of the pens that are lying on top of the bed?,color,"[""white""]",Blue,0,Black,0,Black,0,Black,0,Blue,0,Blue,0,Blue,0,Blue,0,,,0.35,False,True,False,False,False,False
n293477,20857040,Are there either wood spoons or knives?,yes/no,"[""no""]",No,1,No,1,No,1,No,1,No,1,No,1,No,1,No,1,0.2,0.2,0.2,False,False,False,False,False,False
n44249,20935919,Are the green trees lush or leafless?,yes/no,"[""lush""]",Lush,1,Lush,1,Lush,1,Lush,1,Lush,1,Lush,1,Lush,1,Lush,1,0.2,0.2,0.2,False,False,False,False,False,False
n44249,20935938,"What kind of animal are the trees behind of, a sheep or an elephant?",spatial,"[""elephant""]",Elephant,1,Elephant,1,Elephant,1,Elephant,1,Elephant,1,Elephant,1,Elephant,1,Elephant,1,0.2,0.2,0.2,False,False,False,False,False,False
n44249,20935990,Does the animal beside the fence have small size?,yes/no,"[""no""]",No,1,Yes,0,Yes,0,Yes,0,Yes,0,Yes,0,No,1,No,1,0.45,0.45,0.45,False,False,False,True,False,False
n44249,20936256,Is the woman to the right or to the left of the heavy person?,yes/no,"[""left""]",Left,1,Left,1,Left,1,Left,1,Left,1,Left,1,Left,1,Left,1,0.2,0.2,0.2,False,False,False,False,False,False
n44249,20936230,Which kind of animal is the woman on?,object,"[""elephant""]",Elephant,1,Elephant,1,Elephant,1,Elephant,1,Elephant,1,Elephant,1,Elephant,1,Elephant,1,0.2,0.2,0.2,False,False,False,False,False,False
n44249,20936214,Does the woman to the left of the man appear to be sitting?,yes/no,"[""yes""]",Yes,1,Yes,1,Yes,1,Yes,1,Yes,1,Yes,1,Yes,1,Yes,1,0.2,0.2,0.2,False,False,False,False,False,False
n331357,201404246,The small animal is drinking from who?,material/attribute,"[""mother""]",Cow,0,Cow,0,Cow,0,Cow,0,Cow,0,Cow,0,Cow,0,Cow,0,,,0.2,False,True,False,False,False,False
n331357,201404241,What animal is drinking from the mother?,object,"[""calf""]",Calf,1,Calf,1,Calf,1,Calf,1,Calf,1,Calf,1,Calf,1,Calf,1,0.2,0.2,0.2,False,False,False,False,False,False
n331357,201404242,What is the animal that is drinking from the mom that is not small?,material/attribute,"[""calf""]",Calf,1,Calf,1,Calf,1,Calf,1,Calf,1,Calf,1,Calf,1,Calf,1,0.2,0.2,0.2,False,False,False,False,False,False
n331357,201404284,Who is standing?,object,"[""mother""]",Cow,0,Cow,0,Cow,0,Cow,0,Cow,0,Cow,0,Cow,0,Cow,0,,,0.2,False,True,False,False,False,False
n331357,201403947,How's the weather?,other,"[""cloudless""]",Sunny,0,Sunny,0,Sunny,0,Sunny,0,Sunny,0,Sunny,0,Sunny,0,Sunny,0,,,0.2,False,True,False,False,False,False
n331357,201404178,Is the small calf in the bottom part of the image?,yes/no,"[""yes""]",Yes,1,Yes,1,Yes,1,Yes,1,Yes,1,Yes,1,Yes,1,Yes,1,0.2,0.2,0.2,False,False,False,False,False,False
n51002,201804661,What device is below the artwork?,spatial,"[""television""]",Television,1,Television,1,Television,1,Television,1,Television,1,Television,1,Television,1,Television,1,0.2,0.2,0.2,False,False,False,False,False,False
n51002,201804477,Does that fireplace appear to be on?,yes/no,"[""yes""]",No,0,Yes,1,Yes,1,Yes,1,No,0,No,0,No,0,No,0,0.2,,0.35,False,False,False,False,False,False
n51002,201804642,Which kind of material is the black thing below the artwork made of?,spatial,"[""plastic""]",Wood,0,Wood,0,Metal,0,Wood,0,Wood,0,Wood,0,Wood,0,Wood,0,,,0.3,False,True,False,False,False,False
n51002,201803838,Which kind of furniture is the pillow on?,object,"[""couch""]",Couch,1,Couch,1,Couch,1,Couch,1,Couch,1,Couch,1,Couch,1,Couch,1,0.2,0.2,0.2,False,False,False,False,False,False
n51002,201803833,What do you think is on the couch?,object,"[""pillow""]",Pillow,1,Pillow,1,Pillow,1,Pillow,1,Pillow,1,Pillow,1,Pillow,1,Pillow,1,0.2,0.2,0.2,False,False,False,False,False,False
n51002,201803709,What is common to the pillow and the fireplace?,object,"[""shape""]",Color,0,Color,0,Color,0,Color,0,Color,0,Color,0,Color,0,Color,0,,,0.2,False,True,False,False,False,False
n244826,20942853,Does the soccer ball look round and red?,yes/no,"[""no""]",No,1,Yes,0,Yes,0,Yes,0,No,1,No,1,No,1,No,1,0.35,0.35,0.35,True,False,False,True,True,False
n244826,20942865,Who is the soccer ball in front of?,spatial,"[""soccer player""]",Girl,0,Ball,0,Girl,0,Girl,0,Girl,0,Girl,0,Girl,0,Girl,0,,,0.25,False,True,False,False,False,False
n244826,20942768,Which place is it?,object,"[""field""]",Field,1,Field,1,Field,1,Field,1,Field,1,Field,1,Field,1,Field,1,0.2,0.2,0.2,False,False,False,False,False,False
n244826,20942926,Are the shorts small and white?,yes/no,"[""no""]",No,1,Yes,0,Yes,0,No,1,No,1,No,1,No,1,No,1,0.3,0.3,0.3,True,False,False,True,True,False
n244826,20942902,Who is wearing the shoe?,object,"[""soccer player""]",Girl,0,Woman,0,Girl,0,Girl,0,Girl,0,Girl,0,Girl,0,Girl,0,,,0.25,False,True,False,False,False,False
n244826,20942887,Who is wearing the headband?,object,"[""soccer player""]",Girl,0,Girl,0,Girl,0,Girl,0,Girl,0,Girl,0,Girl,0,Girl,0,,,0.2,False,True,False,False,False,False
n470131,201988103,What shape is the foil?,material/attribute,"[""round""]",Round,1,Round,1,Round,1,Round,1,Round,1,Round,1,Round,1,Square,0,0.2,,0.5,False,False,True,False,False,False
n470131,201987684,Is the table that looks yellow dirty or clean?,yes/no,"[""dirty""]",Dirty,1,Clean,0,Dirty,1,Dirty,1,Dirty,1,Dirty,1,Dirty,1,Dirty,1,0.25,0.25,0.25,False,False,False,False,False,False
n470131,201987969,What rests on the table?,object,"[""paper""]",Paper,1,Sandwich,0,Paper,1,Paper,1,Tray,0,Paper,1,Paper,1,Paper,1,0.25,0.4,0.4,False,False,False,False,False,False
n470131,201987968,What rests on the yellow table?,object,"[""paper""]",Paper,1,Paper,1,Paper,1,Paper,1,Paper,1,Paper,1,Paper,1,Paper,1,0.2,0.2,0.2,False,False,False,False,False,False
n470131,201987760,Are there cookies that are not baked?,yes/no,"[""no""]",Yes,0,No,1,No,1,Yes,0,Yes,0,Yes,0,Yes,0,Yes,0,0.2,,0.3,False,False,False,False,False,False
n470131,201987763,What is in front of the orange thing that is on the wall?,spatial,"[""cookie""]",Paper,0,Paper,0,Paper,0,Paper,0,Paper,0,Paper,0,Paper,0,Paper,0,,,0.2,False,True,False,False,False,False
n195249,20482274,Which company is the hat from?,object,"[""nike""]",Nike,1,Nike,1,Nike,1,Nike,1,Nike,1,Nike,1,Nike,1,Nike,1,0.2,0.2,0.2,False,False,False,False,False,False
n195249,20482492,Does this woman wear a wetsuit?,yes/no,"[""no""]",No,1,No,1,No,1,No,1,No,1,No,1,No,1,No,1,0.2,0.2,0.2,False,False,False,False,False,False
n195249,20482257,Does the blue hat have large size?,yes/no,"[""no""]",Yes,0,Yes,0,Yes,0,Yes,0,Yes,0,Yes,0,Yes,0,Yes,0,,,0.2,False,True,False,False,False,False
n195249,20482531,Does the cotton shirt look dark blue and short?,yes/no,"[""yes""]",Yes,1,Yes,1,Yes,1,Yes,1,Yes,1,Yes,1,Yes,1,Yes,1,0.2,0.2,0.2,False,False,False,False,False,False
n195249,20482537,What color is the shirt made of cotton?,color,"[""dark blue""]",Blue,0,Blue,0,Blue,0,Blue,0,Blue,0,Blue,0,Blue,0,Blue,0,,,0.2,False,True,False,False,False,False
n195249,20482514,Is the person that is staring holding the tennis racket?,yes/no,"[""yes""]",Yes,1,Yes,1,Yes,1,Yes,1,Yes,1,Yes,1,Yes,1,Yes,1,0.2,0.2,0.2,False,False,False,False,False,False
n281241,20427658,In front of what is the gentleman?,spatial,"[""picture""]",Picture,1,Chair,0,Chair,0,Chair,0,Chair,0,Chair,0,Picture,1,Picture,1,0.45,0.45,0.45,False,False,False,True,False,False
n281241,20427655,Who is in front of the square picture?,spatial,"[""gentleman""]",Man,0,Man,0,Man,0,Man,0,Man,0,Man,0,Man,0,Man,0,,,0.2,False,True,False,False,False,False
n281241,20427656,Who is in front of the picture?,spatial,"[""gentleman""]",Man,0,Man,0,Man,0,Man,0,Man,0,Man,0,Man,0,Man,0,,,0.2,False,True,False,False,False,False
n281241,20427461,Is the jacket the same color as the dress shirt?,yes/no,"[""yes""]",Yes,1,No,0,Yes,1,Yes,1,Yes,1,Yes,1,Yes,1,Yes,1,0.25,0.25,0.25,False,False,False,False,False,False
n281241,20427673,Who is wearing a shirt?,object,"[""gentleman""]",Man,0,Man,0,Man,0,Man,0,Man,0,Man,0,Man,0,Man,0,,,0.2,False,True,False,False,False,False
n281241,20427674,Who is wearing the shirt?,object,"[""gentleman""]",Man,0,Man,0,Man,0,Man,0,Man,0,Man,0,Man,0,Man,0,,,0.2,False,True,False,False,False,False
n90294,20385685,Is the laptop near the charger modern and black?,yes/no,"[""no""]",No,1,No,1,No,1,No,1,No,1,No,1,No,1,No,1,0.2,0.2,0.2,False,False,False,False,False,False
n90294,20385575,Is the remote to the right or to the left of the book?,yes/no,"[""right""]",Left,0,Left,0,Left,0,Left,0,Left,0,Left,0,Left,0,Left,0,,,0.2,False,True,False,False,False,False
n90294,20385576,Is there any remote control next to the book?,yes/no,"[""yes""]",Yes,1,Yes,1,Yes,1,Yes,1,Yes,1,Yes,1,Yes,1,Yes,1,0.2,0.2,0.2,False,False,False,False,False,False
n90294,20385794,Is the white bag made of cloth or leather?,yes/no,"[""cloth""]",Cloth,1,Cloth,1,Cloth,1,Cloth,1,Cloth,1,Cloth,1,Cloth,1,Cloth,1,0.2,0.2,0.2,False,False,False,False,False,False
n90294,20385226,Does the book have the same color as the charger?,yes/no,"[""yes""]",No,0,No,0,No,0,No,0,No,0,No,0,No,0,No,0,,,0.2,False,True,False,False,False,False
n90294,20385928,Are both the charger and the calculator made of plastic?,yes/no,"[""yes""]",Yes,1,Yes,1,Yes,1,Yes,1,Yes,1,Yes,1,Yes,1,Yes,1,0.2,0.2,0.2,False,False,False,False,False,False
n16425,20342389,Which color is the bus to the right of the other bus?,color,"[""blue""]",White,0,Blue,1,Blue,1,Blue,1,Blue,1,Blue,1,White,0,White,0,0.2,,0.45,False,False,False,False,False,False
n16425,20342508,"What vehicle is the telephone pole behind of, a train or a bus?",spatial,"[""bus""]",Bus,1,Bus,1,Bus,1,Bus,1,Bus,1,Bus,1,Bus,1,Bus,1,0.2,0.2,0.2,False,False,False,False,False,False
n16425,20342449,Which kind of vehicle is gold?,object,"[""bus""]",Bus,1,Bus,1,Bus,1,Bus,1,Bus,1,Bus,1,Bus,1,Bus,1,0.2,0.2,0.2,False,False,False,False,False,False
n16425,20342331,On which side is the person?,spatial,"[""left""]",Left,1,Left,1,Left,1,Left,1,Left,1,Left,1,Left,1,Left,1,0.2,0.2,0.2,False,False,False,False,False,False
n16425,20342481,What vehicle is in front of the telephone pole?,spatial,"[""bus""]",Bus,1,Bus,1,Bus,1,Bus,1,Bus,1,Bus,1,Bus,1,Bus,1,0.2,0.2,0.2,False,False,False,False,False,False
n16425,20342394,Is the bus to the right of the other bus red and large?,yes/no,"[""no""]",No,1,No,1,No,1,No,1,No,1,No,1,No,1,No,1,0.2,0.2,0.2,False,False,False,False,False,False
n527589,201235880,Who is wearing the earring?,object,"[""woman""]",Woman,1,Woman,1,Woman,1,Woman,1,Woman,1,Woman,1,Woman,1,Woman,1,0.2,0.2,0.2,False,False,False,False,False,False
n527589,201235578,Does the basket look narrow?,yes/no,"[""no""]",No,1,Yes,0,No,1,No,1,No,1,No,1,No,1,No,1,0.25,0.25,0.25,False,False,False,False,False,False
n527589,201235768,What is the bag to the left of the shelves called?,spatial,"[""handbag""]",Purse,0,Purse,0,Purse,0,Purse,0,Purse,0,Purse,0,Purse,0,Purse,0,,,0.2,False,True,False,False,False,False
n527589,201235672,What are the fruits on top of the basket?,spatial,"[""bananas""]",Bananas,1,Bananas,1,Bananas,1,Bananas,1,Bananas,1,Bananas,1,Bananas,1,Bananas,1,0.2,0.2,0.2,False,False,False,False,False,False
n527589,201235514,On which side of the image are the shelves?,spatial,"[""right""]",Right,1,Right,1,Right,1,Right,1,Right,1,Right,1,Right,1,Right,1,0.2,0.2,0.2,False,False,False,False,False,False
n527589,201235536,How are the pieces of furniture on top of the floor called?,spatial,"[""shelves""]",Shelves,1,Shelves,1,Shelves,1,Shelves,1,Shelves,1,Shelves,1,Shelves,1,Shelves,1,0.2,0.2,0.2,False,False,False,False,False,False
n262929,201752972,Which color is the bandana?,color,"[""dark blue""]",Black,0,Yes,0,No,0,Black,0,Black,0,Black,0,Black,0,Black,0,,,0.3,False,True,False,False,False,False
n262929,201752809,Do the shoes look dark?,yes/no,"[""yes""]",Yes,1,Yes,1,Yes,1,Yes,1,Yes,1,Yes,1,Yes,1,Yes,1,0.2,0.2,0.2,False,False,False,False,False,False
n262929,201752899,Is the bag small and dark?,yes/no,"[""no""]",No,1,Yes,0,Yes,0,Yes,0,Yes,0,Yes,0,Yes,0,Yes,0,,,0.2,False,True,True,True,False,True
n262929,201752784,How big is the hat above the tie?,spatial,"[""small""]",Small,1,Police,0,Police,0,Small,1,Small,1,Small,1,Small,1,Small,1,0.3,0.3,0.3,True,False,False,True,True,False
n262929,201752760,Do you see a scooter in front of the bag the boy is to the left of?,yes/no,"[""no""]",No,1,Police car,0,Boy,0,Yes,0,Yes,0,No,1,No,1,No,1,0.4,0.4,0.4,False,False,False,True,False,False
n262929,201752607,Is the necktie dark?,yes/no,"[""yes""]",Yes,1,No,0,Yes,1,Yes,1,Yes,1,Yes,1,Yes,1,Yes,1,0.25,0.25,0.25,False,False,False,False,False,False
n48494,202116756,Are both the train station and the tunnel made out of the same material?,yes/no,"[""yes""]",No,0,No,0,No,0,No,0,No,0,No,0,No,0,No,0,,,0.2,False,True,False,False,False,False
n48494,202116920,What is the tunnel above the railroad made of?,spatial,"[""concrete""]",Concrete,1,Concrete,1,Concrete,1,Concrete,1,Concrete,1,Concrete,1,Concrete,1,Concrete,1,0.2,0.2,0.2,False,False,False,False,False,False
n48494,202116770,Is the vast sky above the buildings both clear and blue?,yes/no,"[""no""]",Yes,0,Yes,0,Yes,0,Yes,0,Yes,0,Yes,0,Yes,0,Yes,0,,,0.2,False,True,False,False,False,False
n48494,202116964,Is the river low and wavy?,yes/no,"[""no""]",No,1,No,1,No,1,Yes,0,No,1,No,1,No,1,No,1,0.2,0.35,0.35,False,False,False,False,False,False
n48494,202117035,Do you see any wide boat?,yes/no,"[""yes""]",No,0,No,0,No,0,No,0,No,0,No,0,No,0,No,0,,,0.2,False,True,False,False,False,False
n48494,202116896,What is the vehicle on top of the railroad called?,spatial,"[""train""]",Train,1,Train,1,Train,1,Train,1,Train,1,Train,1,Train,1,Train,1,0.2,0.2,0.2,False,False,False,False,False,False
n58220,20169718,Are there green hats in the photo?,yes/no,"[""yes""]",No,0,Yes,1,Yes,1,Yes,1,Yes,1,Yes,1,No,0,No,0,0.2,,0.45,False,False,False,False,False,False
n58220,20169805,Does this flag look red?,yes/no,"[""no""]",No,1,No,1,No,1,No,1,No,1,No,1,No,1,No,1,0.2,0.2,0.2,False,False,False,False,False,False
n58220,20169578,Do the hat and the jacket have a different colors?,yes/no,"[""no""]",No,1,No,1,No,1,No,1,No,1,Yes,0,No,1,No,1,0.2,0.45,0.45,False,False,False,False,False,False
n58220,20169575,What place was the picture taken at?,object,"[""road""]",Road,1,Ocean,0,Road,1,Road,1,Road,1,Road,1,Road,1,Road,1,0.25,0.25,0.25,False,False,False,False,False,False
n58220,20169793,On which side is the flag?,spatial,"[""left""]",Left,1,Left,1,Left,1,Left,1,Left,1,Left,1,Left,1,Left,1,0.2,0.2,0.2,False,False,False,False,False,False
n58220,20169796,Does the flag look calm and blue?,yes/no,"[""no""]",No,1,No,1,No,1,No,1,No,1,No,1,No,1,No,1,0.2,0.2,0.2,False,False,False,False,False,False
n522733,202248865,Which place is it?,object,"[""street""]",Street,1,Intersection,0,Street,1,Street,1,Street,1,Street,1,Street,1,Street,1,0.25,0.25,0.25,False,False,False,False,False,False
n522733,202248864,Where is it?,other,"[""street""]",Street,1,Intersection,0,Street,1,Street,1,Street,1,Street,1,Street,1,Street,1,0.25,0.25,0.25,False,False,False,False,False,False
n522733,202249061,Does the traffic signal to the left of the signal light look metallic and high?,yes/no,"[""yes""]",Yes,1,Yes,1,Yes,1,Yes,1,Yes,1,Yes,1,Yes,1,Yes,1,0.2,0.2,0.2,False,False,False,False,False,False
n522733,202249022,Of what color is the car that is to the right of the other car?,color,"[""beige""]",Black,0,Black,0,Black,0,Black,0,Black,0,Black,0,Black,0,Black,0,,,0.2,False,True,False,False,False,False
n522733,202248991,What color is the SUV that is not little?,color,"[""black""]",Black,1,Black,1,Black,1,Black,1,Black,1,Black,1,Black,1,Black,1,0.2,0.2,0.2,False,False,False,False,False,False
n522733,202248985,Is the SUV that is made of glass black and small?,yes/no,"[""no""]",Yes,0,Yes,0,Yes,0,Yes,0,Yes,0,Yes,0,Yes,0,Yes,0,,,0.2,False,True,False,False,False,False
n199286,201439590,What animal is standing on the green grass?,object,"[""horse""]",None,0,Cow,0,None,0,None,0,None,0,None,0,None,0,None,0,,,0.25,False,True,False,False,False,False
n199286,201439451,Is the happy woman on the right side or on the left?,yes/no,"[""right""]",Left,0,Left,0,Left,0,Left,0,Left,0,Left,0,Left,0,Left,0,,,0.2,False,True,False,False,False,False
n199286,201439531,Is the grass green?,yes/no,"[""yes""]",Yes,1,Yes,1,Yes,1,Yes,1,Yes,1,Yes,1,Yes,1,Yes,1,0.2,0.2,0.2,False,False,False,False,False,False
n199286,201439514,Who is wearing a shirt?,object,"[""woman""]",No one,0,Man,0,Man,0,Man,0,Man,0,Man,0,Man,0,Man,0,,,0.2,False,True,False,False,False,False
n199286,201439703,What animal is to the left of the girl?,spatial,"[""horse""]",Chicken,0,Chicken,0,Chicken,0,Chicken,0,Chicken,0,Chicken,0,Chicken,0,Chicken,0,,,0.2,False,True,False,False,False,False
n199286,201439727,Do the shorts have dark color and large size?,yes/no,"[""no""]",No,1,Yes,0,Yes,0,Yes,0,Yes,0,No,1,No,1,No,1,0.4,0.4,0.4,False,False,False,True,False,False
n298104,201505104,What color are the mountains next to the ocean?,color,"[""gray""]",Green,0,Green,0,Green,0,Green,0,Green,0,Green,0,Green,0,Green,0,,,0.2,False,True,False,False,False,False
n298104,201505196,How large is the sand?,material/attribute,"[""large""]",Small,0,Large,1,Large,1,Large,1,Large,1,Large,1,Large,1,Large,1,0.2,0.2,0.2,False,False,False,False,False,False
n298104,201504797,Does the shirt look short sleeved or long sleeved?,yes/no,"[""short sleeved""]",Short sleeved,1,Short sleeved,1,Short sleeved,1,Short sleeved,1,Short sleeved,1,Short sleeved,1,Short sleeved,1,Short sleeved,1,0.2,0.2,0.2,False,False,False,False,False,False
n298104,201504720,How big is the flower on the surfboard?,other,"[""small""]",Small,1,Small,1,Small,1,Small,1,Small,1,Small,1,Small,1,Small,1,0.2,0.2,0.2,False,False,False,False,False,False
n298104,201504921,What is the thin person standing behind of?,spatial,"[""sign""]",Surfboard,0,Surfboard,0,Surfboard,0,Surfboard,0,Surfboard,0,Surfboard,0,Surfboard,0,Surfboard,0,,,0.2,False,True,False,False,False,False
n298104,201504737,What is on the surfboard behind the sign?,spatial,"[""flower""]",Flower,1,Flower,1,Flower,1,Flower,1,Flower,1,Flower,1,Flower,1,Flower,1,0.2,0.2,0.2,False,False,False,False,False,False
n166008,20240972,Do the customers appear to be waiting?,yes/no,"[""yes""]",Yes,1,Yes,1,Yes,1,Yes,1,Yes,1,Yes,1,Yes,1,Yes,1,0.2,0.2,0.2,False,False,False,False,False,False
n166008,20240975,Who is waiting?,object,"[""customers""]",People,0,Woman,0,Woman,0,Woman,0,Woman,0,People,0,People,0,People,0,,,0.4,False,True,False,False,False,False
n166008,20240976,Is there any beer in this photo?,yes/no,"[""no""]",No,1,No,1,No,1,No,1,No,1,No,1,No,1,No,1,0.2,0.2,0.2,False,False,False,False,False,False
n166008,20240957,What is underneath the glass?,object,"[""table""]",Water,0,Water,0,Water,0,Water,0,Plate,0,Plate,0,Plate,0,Plate,0,,,0.35,False,True,False,False,False,False
n166008,20240935,What is the item of furniture underneath the water bottle?,object,"[""table""]",Table,1,Table,1,Table,1,Table,1,Table,1,Table,1,Table,1,Table,1,0.2,0.2,0.2,False,False,False,False,False,False
n166008,20241047,Who is sitting in front of the water?,spatial,"[""man""]",Man,1,Man,1,Man,1,Man,1,Man,1,Man,1,Man,1,Man,1,0.2,0.2,0.2,False,False,False,False,False,False
n67005,20716952,What is on the bed near the bag?,spatial,"[""cord""]",Pillow,0,Pillow,0,Pillow,0,Pillow,0,Pillow,0,Pillow,0,Pillow,0,Pillow,0,,,0.2,False,True,False,False,False,False
n67005,20716953,What is on the bed?,object,"[""cord""]",Pillow,0,Pillow,0,Pillow,0,Pillow,0,Pillow,0,Pillow,0,Pillow,0,Pillow,0,,,0.2,False,True,False,False,False,False
n67005,20716785,What is the item of furniture that is the same color as the cord called?,color,"[""bed""]",Bed,1,Bed,1,Bed,1,Bed,1,Bed,1,Bed,1,Bed,1,Bed,1,0.2,0.2,0.2,False,False,False,False,False,False
n67005,20717149,Is the bed white and small?,yes/no,"[""no""]",Yes,0,No,1,Yes,0,Yes,0,Yes,0,Yes,0,Yes,0,Yes,0,0.2,,0.25,False,True,False,False,False,False
n67005,20716935,Is the jacket that is made of cotton yellow or gray?,yes/no,"[""gray""]",Gray,1,Gray,1,Gray,1,Gray,1,Gray,1,Gray,1,Gray,1,Gray,1,0.2,0.2,0.2,False,False,False,False,False,False
n67005,20716910,What is the woman reflected on?,object,"[""mirror""]",Mirror,1,Mirror,1,Mirror,1,Mirror,1,Mirror,1,Mirror,1,Mirror,1,Mirror,1,0.2,0.2,0.2,False,False,False,False,False,False
n154856,201228066,What is in front of the silver car?,spatial,"[""van""]",Bench,0,Bench,0,Bench,0,Bench,0,Bench,0,Bench,0,Bench,0,Bench,0,,,0.2,False,True,False,False,False,False
n154856,201228177,Which shape is the glass window?,material/attribute,"[""rectangular""]",Rectangular,1,Rectangular,1,Rectangular,1,Arch,0,Rectangular,1,Rectangular,1,Rectangular,1,Rectangular,1,0.2,0.35,0.35,False,False,False,False,False,False
n154856,201227859,Is the lamp made of the same material as the van?,yes/no,"[""yes""]",No,0,Yes,1,No,0,No,0,No,0,No,0,No,0,No,0,0.2,,0.25,False,True,False,False,False,False
n154856,201228068,What is the vehicle that that van is in front of?,spatial,"[""car""]",Car,1,Parking lot,0,Parking lot,0,Car,1,Car,1,Car,1,Car,1,Car,1,0.3,0.3,0.3,True,False,False,True,True,False
n154856,201228119,What kind of vehicle isn't black?,object,"[""van""]",Car,0,Car,0,Car,0,Car,0,Car,0,Car,0,Car,0,Car,0,,,0.2,False,True,False,False,False,False
n154856,201228115,What vehicle is black?,object,"[""car""]",Car,1,Car,1,Car,1,Car,1,Car,1,Car,1,Car,1,Car,1,0.2,0.2,0.2,False,False,False,False,False,False
n567860,201756711,"What kind of fruit is the white kitten playing with, an apple or a banana?",object,"[""banana""]",Banana,1,Banana,1,Banana,1,Banana,1,Banana,1,Banana,1,Banana,1,Banana,1,0.2,0.2,0.2,False,False,False,False,False,False
n567860,201756719,What animal is lying on top of the countertop?,spatial,"[""kitten""]",Cat,0,Cat,0,Cat,0,Cat,0,Cat,0,Cat,0,Cat,0,Cat,0,,,0.2,False,True,False,False,False,False
n567860,201756948,What does the banana bunch hang above?,spatial,"[""countertop""]",Cat,0,Counter,0,Counter,0,Counter,0,Cat,0,Cat,0,Cat,0,Cat,0,,,0.35,False,True,False,False,False,False
n567860,201756553,What is the animal that is white?,object,"[""kitten""]",Cat,0,Cat,0,Cat,0,Cat,0,Cat,0,Cat,0,Cat,0,Cat,0,,,0.2,False,True,False,False,False,False
n567860,201756558,What animal is young?,object,"[""kitten""]",Cat,0,Cat,0,Cat,0,Cat,0,Cat,0,Cat,0,Cat,0,Cat,0,,,0.2,False,True,False,False,False,False
n567860,201756771,Does the yellow fruit look unpeeled and ripe?,yes/no,"[""yes""]",No,0,Yes,1,Yes,1,Yes,1,Yes,1,No,0,No,0,No,0,0.2,,0.4,False,False,False,False,False,False
n314171,201548698,What do you think is the alcohol in?,object,"[""blender""]",Blender,1,Blender,1,Blender,1,Blender,1,Bottle,0,Blender,1,Blender,1,Blender,1,0.2,0.4,0.4,False,False,False,False,False,False
n314171,201549013,Is there a white flag or balloon?,yes/no,"[""no""]",No,1,No,1,Yes,0,No,1,No,1,No,1,No,1,No,1,0.2,0.3,0.3,True,False,False,True,True,False
n314171,201548970,Are there any small women or men?,yes/no,"[""no""]",No,1,No,1,No,1,No,1,No,1,No,1,No,1,No,1,0.2,0.2,0.2,False,False,False,False,False,False
n314171,201548952,"Which side of the photo is the woman on, the right or the left?",spatial,"[""right""]",Right,1,Right,1,Right,1,Right,1,Right,1,Right,1,Right,1,Right,1,0.2,0.2,0.2,False,False,False,False,False,False
n314171,201548929,What is the small room holding?,material/attribute,"[""picture""]",Shelf,0,Blender,0,Blender,0,Blender,0,Woman,0,Woman,0,Woman,0,Woman,0,,,0.35,False,True,False,False,False,False
n314171,201548676,Is the drink that is to the right of the blender made of glass?,yes/no,"[""yes""]",Yes,1,Alcohol,0,Yes,1,Yes,1,Yes,1,Yes,1,Yes,1,Yes,1,0.25,0.25,0.25,False,False,False,False,False,False
n437064,20609470,What is the fork made of?,material/attribute,"[""metal""]",Metal,1,Metal,1,Metal,1,Metal,1,Metal,1,Metal,1,Metal,1,Metal,1,0.2,0.2,0.2,False,False,False,False,False,False
n437064,20609567,Is the utensil in front of the cake clean and metallic?,yes/no,"[""yes""]",Yes,1,Yes,1,Yes,1,Yes,1,Yes,1,Yes,1,Yes,1,Yes,1,0.2,0.2,0.2,False,False,False,False,False,False
n437064,20609355,What is in front of the fruit that the bowl is behind of?,spatial,"[""whipped cream""]",Spoon,0,Spoon,0,Spoon,0,Spoon,0,Spoon,0,Spoon,0,Spoon,0,Spoon,0,,,0.2,False,True,False,False,False,False
n437064,20609358,The whipped cream is in front of what?,spatial,"[""strawberry""]",Strawberry,1,Strawberry,1,Cake,0,Cake,0,Strawberry,1,Strawberry,1,Strawberry,1,Strawberry,1,0.2,0.35,0.35,True,False,False,True,True,False
n437064,20609280,Are there both a strawberry and a plate in the picture?,yes/no,"[""yes""]",Yes,1,Yes,1,Yes,1,Yes,1,Yes,1,Yes,1,Yes,1,Yes,1,0.2,0.2,0.2,False,False,False,False,False,False
n437064,20609547,What is the spoon made of?,material/attribute,"[""metal""]",Metal,1,Metal,1,Metal,1,Metal,1,Metal,1,Metal,1,Metal,1,Metal,1,0.2,0.2,0.2,False,False,False,False,False,False
n498140,2072748,Does the sign have the same color as the grill?,yes/no,"[""no""]",Yes,0,Yes,0,Yes,0,Yes,0,Yes,0,Yes,0,Yes,0,Yes,0,,,0.2,False,True,False,False,False,False
n498140,2072741,Do the building and the sign have a different colors?,yes/no,"[""no""]",Yes,0,Yes,0,No,1,No,1,Yes,0,Yes,0,Yes,0,Yes,0,0.25,,0.35,False,False,False,False,False,False
n498140,2072747,What is common to the streetlight and the grill?,object,"[""material""]",Color,0,Color,0,Color,0,Color,0,Color,0,Color,0,Color,0,Color,0,,,0.2,False,True,False,False,False,False
n498140,2072906,Are there windows or doors that are made of wood?,yes/no,"[""no""]",No,1,Yes,0,Yes,0,Yes,0,Yes,0,No,1,No,1,No,1,0.4,0.4,0.4,False,False,False,True,False,False
n498140,2072766,Is the chimney high and clean?,yes/no,"[""no""]",Yes,0,Yes,0,Yes,0,Yes,0,Yes,0,Yes,0,Yes,0,Yes,0,,,0.2,False,True,False,False,False,False
n498140,2072761,Are there any mirrors or trays?,yes/no,"[""no""]",No,1,No,1,No,1,No,1,No,1,No,1,No,1,No,1,0.2,0.2,0.2,False,False,False,False,False,False
n16656,20797834,What is the man in front of?,spatial,"[""tree""]",Tree,1,Shoe,0,Plant,0,Plant,0,Plant,0,Plant,0,Plant,0,Plant,0,,,0.25,False,True,True,True,False,True
n16656,20797661,What animal is the shoe behind of?,spatial,"[""cat""]",Cat,1,Cat,1,Cat,1,Cat,1,Cat,1,Cat,1,Cat,1,Cat,1,0.2,0.2,0.2,False,False,False,False,False,False
n16656,20797647,What is in front of the animal that is in front of the man?,spatial,"[""shoe""]",Shoe,1,Shoe,1,Shoe,1,Shoe,1,Shoe,1,Shoe,1,Shoe,1,Shoe,1,0.2,0.2,0.2,False,False,False,False,False,False
n16656,20797648,What's in front of the cat?,spatial,"[""shoe""]",Shoe,1,Shoe,1,Shoe,1,Shoe,1,Shoe,1,Shoe,1,Shoe,1,Shoe,1,0.2,0.2,0.2,False,False,False,False,False,False
n16656,20797581,Is the shirt soft and white?,yes/no,"[""yes""]",Yes,1,Yes,1,Yes,1,Yes,1,Yes,1,Yes,1,Yes,1,Yes,1,0.2,0.2,0.2,False,False,False,False,False,False
n16656,20797563,Does the sky look orange and bright?,yes/no,"[""no""]",No,1,No,1,No,1,No,1,No,1,No,1,No,1,No,1,0.2,0.2,0.2,False,False,False,False,False,False
n329479,201337154,Do the shoes have white color?,yes/no,"[""yes""]",No,0,No,0,Yes,1,Yes,1,No,0,No,0,No,0,No,0,0.25,,0.35,False,False,False,False,False,False
n329479,201336976,What is he jumping off of?,object,"[""grass""]",Skateboard,0,Skateboard,0,Skateboard,0,Skateboard,0,Skateboard,0,Skateboard,0,Skateboard,0,Skateboard,0,,,0.2,False,True,False,False,False,False
n329479,201336956,What is the man using?,object,"[""skateboard""]",Skateboard,1,Skateboard,1,Skateboard,1,Skateboard,1,Skateboard,1,Skateboard,1,Skateboard,1,Skateboard,1,0.2,0.2,0.2,False,False,False,False,False,False
n329479,201336939,What is he in front of?,spatial,"[""bench""]",Tree,0,Bench,1,Bench,1,Bench,1,Bench,1,Bench,1,Bench,1,Bench,1,0.2,0.2,0.2,False,False,False,False,False,False
n329479,201336930,What do the bench and the skateboard have in common?,object,"[""material""]",Color,0,Color,0,Color,0,Color,0,Color,0,Color,0,Color,0,Color,0,,,0.2,False,True,False,False,False,False
n329479,201337043,What are the wheels made of?,material/attribute,"[""plastic""]",Rubber,0,Plastic,1,Plastic,1,Plastic,1,Plastic,1,Plastic,1,Plastic,1,Plastic,1,0.2,0.2,0.2,False,False,False,False,False,False
n406334,202159012,Are there any people next to the vehicle that is yellow and black?,yes/no,"[""yes""]",Yes,1,Yes,1,Yes,1,Yes,1,Yes,1,Yes,1,Yes,1,Yes,1,0.2,0.2,0.2,False,False,False,False,False,False
n406334,202159091,On which side of the image are the metal cars?,spatial,"[""right""]",Left,0,Left,0,Left,0,Left,0,Left,0,Left,0,Left,0,Left,0,,,0.2,False,True,False,False,False,False
n406334,202158963,Are the old people on the left or on the right?,yes/no,"[""right""]",Right,1,Right,1,Right,1,Right,1,Right,1,Right,1,Right,1,Right,1,0.2,0.2,0.2,False,False,False,False,False,False
n406334,202158771,Are the street lights made of the same material as the cars?,yes/no,"[""yes""]",No,0,No,0,No,0,No,0,No,0,No,0,No,0,No,0,,,0.2,False,True,False,False,False,False
n406334,202159121,Which kind of vehicle is in front of the buildings?,spatial,"[""cars""]",Bus,0,Bus,0,Bus,0,Bus,0,Bus,0,Bus,0,Bus,0,Bus,0,,,0.2,False,True,False,False,False,False
n406334,202158855,Which color is this bus?,color,"[""black""]",Yellow,0,Yellow,0,Yellow,0,Yellow,0,Yellow,0,Yellow,0,Yellow,0,Yellow,0,,,0.2,False,True,False,False,False,False
n302387,201711425,Is the box square and brown?,yes/no,"[""yes""]",No,0,No,0,No,0,No,0,No,0,No,0,No,0,No,0,,,0.2,False,True,False,False,False,False
n302387,201711251,Do you see instruments next to the fireplace?,yes/no,"[""yes""]",Yes,1,Yes,1,Yes,1,Yes,1,Yes,1,Yes,1,Yes,1,Yes,1,0.2,0.2,0.2,False,False,False,False,False,False
n302387,201711211,What is this suitcase on?,object,"[""rug""]",Rug,1,Carpet,0,Carpet,0,Carpet,0,Carpet,0,Carpet,0,Carpet,0,Carpet,0,,,0.2,False,True,True,True,False,True
n302387,201711212,What is the suitcase on?,object,"[""rug""]",Rug,1,Carpet,0,Carpet,0,Rug,1,Rug,1,Carpet,0,Rug,1,Rug,1,0.3,0.45,0.45,True,False,False,True,True,False
n302387,201711393,On which side of the picture is the square box?,spatial,"[""left""]",Left,1,Right,0,Right,0,Right,0,Right,0,Right,0,Right,0,Right,0,,,0.2,False,True,True,True,False,True
n302387,201711129,Is the tall shelf on the left?,yes/no,"[""yes""]",Yes,1,Yes,1,Yes,1,Yes,1,Yes,1,Yes,1,Yes,1,Yes,1,0.2,0.2,0.2,False,False,False,False,False,False
n52544,20982174,Is the blouse long sleeved or short sleeved?,yes/no,"[""long sleeved""]",Short sleeved,0,Short sleeved,0,Short sleeved,0,Short sleeved,0,Short sleeved,0,Short sleeved,0,Short sleeved,0,Short sleeved,0,,,0.2,False,True,False,False,False,False
n52544,20982179,What color is the blouse?,color,"[""black""]",Black,1,Green,0,Black,1,Black,1,Black,1,Black,1,Black,1,Black,1,0.25,0.25,0.25,False,False,False,False,False,False
n52544,20982540,Where is the woman standing?,other,"[""table""]",Table,1,Table,1,Table,1,Table,1,Table,1,Table,1,Table,1,Table,1,0.2,0.2,0.2,False,False,False,False,False,False
n52544,20982544,What kind of furniture is the woman standing at?,object,"[""table""]",Table,1,Table,1,Table,1,Table,1,Table,1,Table,1,Table,1,Table,1,0.2,0.2,0.2,False,False,False,False,False,False
n52544,20982158,Which kind of clothing is long sleeved?,object,"[""blouse""]",Sweater,0,Sweater,0,Sweater,0,Sweater,0,Sweater,0,Sweater,0,Sweater,0,Sweater,0,,,0.2,False,True,False,False,False,False
n52544,20982135,Is the blouse different in color than the name tag?,yes/no,"[""yes""]",Yes,1,Yes,1,Yes,1,Yes,1,Yes,1,Yes,1,Yes,1,Yes,1,0.2,0.2,0.2,False,False,False,False,False,False
n540852,20119029,Is the happy man below the umbrella the woman is holding?,yes/no,"[""yes""]",Yes,1,Yes,1,Yes,1,Yes,1,Yes,1,Yes,1,Yes,1,Yes,1,0.2,0.2,0.2,False,False,False,False,False,False
n540852,20119041,Who in the image is walking?,object,"[""woman""]",People,0,Bride,0,Bride,0,Woman,1,Woman,1,People,0,People,0,People,0,0.3,,0.4,True,False,False,False,False,False
n540852,20119067,Is the man that is to the right of the woman wearing a suit?,yes/no,"[""yes""]",Yes,1,Yes,1,Yes,1,Yes,1,Yes,1,Yes,1,Yes,1,Yes,1,0.2,0.2,0.2,False,False,False,False,False,False
n540852,20119066,The man to the right of the woman is wearing what?,spatial,"[""suit""]",Suit,1,Dress,0,Dress,0,Glasses,0,Tie,0,Tie,0,Tie,0,Tie,0,,,0.35,False,True,True,True,False,True
n540852,20119174,What is the umbrella to the right of the other umbrella made of?,spatial,"[""plastic""]",Plastic,1,Plastic,1,Plastic,1,Plastic,1,Plastic,1,Plastic,1,Plastic,1,Plastic,1,0.2,0.2,0.2,False,False,False,False,False,False
n540852,20119135,Is the umbrella in the bottom part of the photo?,yes/no,"[""no""]",No,1,Yes,0,No,1,No,1,No,1,No,1,No,1,No,1,0.25,0.25,0.25,False,False,False,False,False,False
n234722,20416735,What is the color of the table?,color,"[""dark brown""]",Brown,0,Brown,0,Brown,0,Brown,0,Brown,0,Brown,0,Brown,0,Brown,0,,,0.2,False,True,False,False,False,False
n234722,20416717,What kind of furniture isn't clean?,object,"[""chair""]",Table,0,Pizza,0,Table,0,Table,0,Table,0,Table,0,Table,0,Table,0,,,0.25,False,True,False,False,False,False
n234722,20416487,What kind of food is on the pizza?,object,"[""sausage""]",Sausage,1,Sausage,1,Sausage,1,Sausage,1,Sausage,1,Sausage,1,Sausage,1,Sausage,1,0.2,0.2,0.2,False,False,False,False,False,False
n234722,20416562,Which kind of cooking utensil is below the pizza?,spatial,"[""pan""]",Pizza cutter,0,Spatula,0,Spatula,0,Pizza cutter,0,Spatula,0,Spatula,0,Spatula,0,Spatula,0,,,0.35,False,True,False,False,False,False
n234722,20416421,Is the sausage in the bottom part or in the top of the photo?,yes/no,"[""top""]",Top,1,Top,1,Top,1,Top,1,Top,1,Top,1,Top,1,Top,1,0.2,0.2,0.2,False,False,False,False,False,False
n234722,20416424,Does the sausage that is to the left of the pan look small and brown?,yes/no,"[""yes""]",Yes,1,Yes,1,Yes,1,Yes,1,Yes,1,Yes,1,Yes,1,Yes,1,0.2,0.2,0.2,False,False,False,False,False,False
n494918,201185759,What's the boy looking at?,object,"[""frisbee""]",Frisbee,1,Frisbee,1,Frisbee,1,Frisbee,1,Frisbee,1,Frisbee,1,Frisbee,1,Frisbee,1,0.2,0.2,0.2,False,False,False,False,False,False
n494918,201185941,Are the trees behind a frisbee?,yes/no,"[""yes""]",Yes,1,Yes,1,Yes,1,Yes,1,Yes,1,Yes,1,Yes,1,Yes,1,0.2,0.2,0.2,False,False,False,False,False,False
n494918,201185777,Do the shorts made out of cotton look orange and long?,yes/no,"[""no""]",Yes,0,Yes,0,Yes,0,Yes,0,Yes,0,Yes,0,Yes,0,Yes,0,,,0.2,False,True,False,False,False,False
n494918,201185793,Do the shorts have short length?,yes/no,"[""yes""]",Yes,1,Yes,1,Yes,1,Yes,1,Yes,1,Yes,1,Yes,1,Yes,1,0.2,0.2,0.2,False,False,False,False,False,False
n494918,201185841,What is the color of the frisbee that flies above the ground?,color,"[""green""]",Green,1,Green,1,Green,1,Green,1,Green,1,Green,1,Green,1,Green,1,0.2,0.2,0.2,False,False,False,False,False,False
n494918,201185738,Is the person that is not tall wearing gloves?,yes/no,"[""no""]",No,1,Yes,0,No,1,No,1,No,1,No,1,No,1,No,1,0.25,0.25,0.25,False,False,False,False,False,False
