metric,level,dialog_id,method,budget,scenario,break_even_turn,censored_at_turn_10,stays_better_through_turn_10,better_at_turn_2,two_turn_ours_ms,two_turn_recomp_ms,two_turn_delta_ms,ten_turn_ours_ms,ten_turn_recomp_ms,ten_turn_delta_ms
sum_of_per_request_e2e_ms_with_persistence_scenario,dialog,visdial:100528,Prefix25,0.25,hidden,2,False,True,True,778.0164629220963,993.2397190714255,-215.22325614932925,3161.000788793899,5073.091792175546,-1912.0910033816472
sum_of_per_request_e2e_ms_with_persistence_scenario,dialog,visdial:100528,Prefix25,0.25,worst,7,False,True,False,1829.2449539294466,993.2397190714255,836.0052348580211,4212.2292798012495,5073.091792175546,-860.8625123742968
sum_of_per_request_e2e_ms_with_persistence_scenario,dialog,visdial:100528,Prefix45,0.45,hidden,2,False,True,True,875.1364450436085,993.2397190714255,-118.10327402781695,4123.680302873254,5073.091792175546,-949.4114893022925
sum_of_per_request_e2e_ms_with_persistence_scenario,dialog,visdial:100528,Prefix45,0.45,worst,,True,,False,1926.364936050959,993.2397190714255,933.1252169795334,5174.908793880604,5073.091792175546,101.81700170505792
sum_of_per_request_e2e_ms_with_persistence_scenario,dialog,visdial:112033,Prefix25,0.25,hidden,2,False,True,True,857.8123489860445,1144.7406390216202,-286.9282900355756,3526.825512875803,5859.328728867695,-2332.503215991892
sum_of_per_request_e2e_ms_with_persistence_scenario,dialog,visdial:112033,Prefix25,0.25,worst,5,False,True,False,1741.3079891121015,1144.7406390216202,596.5673500904813,4410.32115300186,5859.328728867695,-1449.007575865835
sum_of_per_request_e2e_ms_with_persistence_scenario,dialog,visdial:112033,Prefix45,0.45,hidden,2,False,True,True,1052.7228730497882,1144.7406390216202,-92.01776597183198,4944.420157233253,5859.328728867695,-914.9085716344416
sum_of_per_request_e2e_ms_with_persistence_scenario,dialog,visdial:112033,Prefix45,0.45,worst,10,False,True,False,1936.2185131758451,1144.7406390216202,791.477874154225,5827.91579735931,5859.328728867695,-31.412931508384645
sum_of_per_request_e2e_ms_with_persistence_scenario,dialog,visdial:126379,Prefix25,0.25,hidden,2,False,True,True,868.5605729697272,1134.2792049981654,-265.71863202843815,3556.467068847269,5809.021976077929,-2252.5549072306603
sum_of_per_request_e2e_ms_with_persistence_scenario,dialog,visdial:126379,Prefix25,0.25,worst,6,False,True,False,2005.633123102598,1134.2792049981654,871.3539181044325,4693.5396189801395,5809.021976077929,-1115.4823570977896
sum_of_per_request_e2e_ms_with_persistence_scenario,dialog,visdial:126379,Prefix45,0.45,hidden,2,False,True,True,1088.9790810178965,1134.2792049981654,-45.300123980268836,5058.559737866744,5809.021976077929,-750.4622382111847
sum_of_per_request_e2e_ms_with_persistence_scenario,dialog,visdial:126379,Prefix45,0.45,worst,,True,,False,2226.051631150767,1134.2792049981654,1091.7724261526018,6195.632287999615,5809.021976077929,386.61031192168593
sum_of_per_request_e2e_ms_with_persistence_scenario,dialog,visdial:133780,Prefix25,0.25,hidden,2,False,True,True,1314.481527893804,1649.7952890349552,-335.3137611411512,4732.156764017418,8214.467993122526,-3482.3112291051075
sum_of_per_request_e2e_ms_with_persistence_scenario,dialog,visdial:133780,Prefix25,0.25,worst,5,False,True,False,2573.6897668102756,1649.7952890349552,923.8944777753204,5991.36500293389,8214.467993122526,-2223.102990188636
sum_of_per_request_e2e_ms_with_persistence_scenario,dialog,visdial:133780,Prefix45,0.45,hidden,2,False,True,True,1528.4714001463726,1649.7952890349552,-121.32388888858259,6290.77143012546,8214.467993122526,-1923.6965629970655
sum_of_per_request_e2e_ms_with_persistence_scenario,dialog,visdial:133780,Prefix45,0.45,worst,8,False,True,False,2787.679639062844,1649.7952890349552,1137.884350027889,7549.979669041932,8214.467993122526,-664.4883240805939
sum_of_per_request_e2e_ms_with_persistence_scenario,dialog,visdial:135653,Prefix25,0.25,hidden,2,False,True,True,840.7787630567327,1122.6216990035027,-281.84293594677,3190.7814129954204,5799.667231040075,-2608.885818044655
sum_of_per_request_e2e_ms_with_persistence_scenario,dialog,visdial:135653,Prefix25,0.25,worst,5,False,True,False,1846.0271280491725,1122.6216990035027,723.4054290456697,4196.02977798786,5799.667231040075,-1603.6374530522153
sum_of_per_request_e2e_ms_with_persistence_scenario,dialog,visdial:135653,Prefix45,0.45,hidden,2,False,True,True,1011.0855120001361,1122.6216990035027,-111.53618700336665,4644.986807834357,5799.667231040075,-1154.6804232057184
sum_of_per_request_e2e_ms_with_persistence_scenario,dialog,visdial:135653,Prefix45,0.45,worst,9,False,True,False,2016.3338769925758,1122.6216990035027,893.7121779890731,5650.235172826797,5799.667231040075,-149.43205821327865
sum_of_per_request_e2e_ms_with_persistence_scenario,dialog,visdial:145204,Prefix25,0.25,hidden,2,False,True,True,759.5668609719723,965.9175750566646,-206.3507140846923,3132.3781609535217,5099.833748070523,-1967.4555871170014
sum_of_per_request_e2e_ms_with_persistence_scenario,dialog,visdial:145204,Prefix25,0.25,worst,5,False,True,False,1592.7711710100994,965.9175750566646,626.8535959534347,3965.5824709916487,5099.833748070523,-1134.2512770788744
sum_of_per_request_e2e_ms_with_persistence_scenario,dialog,visdial:145204,Prefix45,0.45,hidden,2,False,True,True,776.3533970573917,965.9175750566646,-189.56417799927294,3915.026384056546,5099.833748070523,-1184.8073640139773
sum_of_per_request_e2e_ms_with_persistence_scenario,dialog,visdial:145204,Prefix45,0.45,worst,8,False,True,False,1609.5577070955187,965.9175750566646,643.6401320388541,4748.230694094673,5099.833748070523,-351.60305397585034
sum_of_per_request_e2e_ms_with_persistence_scenario,dialog,visdial:156344,Prefix25,0.25,hidden,2,False,True,True,652.9058560263366,779.8608880257234,-126.95503199938685,2760.0056449882686,3929.152287193574,-1169.1466422053054
sum_of_per_request_e2e_ms_with_persistence_scenario,dialog,visdial:156344,Prefix25,0.25,worst,7,False,True,False,1335.2551108691841,779.8608880257234,555.3942228434607,3442.354899831116,3929.152287193574,-486.7973873624578
sum_of_per_request_e2e_ms_with_persistence_scenario,dialog,visdial:156344,Prefix45,0.45,hidden,2,False,True,True,747.6893669227138,779.8608880257234,-32.17152110300958,3540.6955832149833,3929.152287193574,-388.45670397859067
sum_of_per_request_e2e_ms_with_persistence_scenario,dialog,visdial:156344,Prefix45,0.45,worst,,True,,False,1430.0386217655614,779.8608880257234,650.177733739838,4223.044838057831,3929.152287193574,293.8925508642569
sum_of_per_request_e2e_ms_with_persistence_scenario,dialog,visdial:161902,Prefix25,0.25,hidden,2,False,True,True,779.2762309545651,1049.529059091583,-270.2528281370178,3005.604089004919,5422.653489164077,-2417.049400159158
sum_of_per_request_e2e_ms_with_persistence_scenario,dialog,visdial:161902,Prefix25,0.25,worst,6,False,True,False,1853.9548990083858,1049.529059091583,804.4258399168029,4080.2827570587397,5422.653489164077,-1342.370732105337
sum_of_per_request_e2e_ms_with_persistence_scenario,dialog,visdial:161902,Prefix45,0.45,hidden,2,False,True,True,927.2227139445022,1049.529059091583,-122.30634514708072,4169.216200825758,5422.653489164077,-1253.4372883383185
sum_of_per_request_e2e_ms_with_persistence_scenario,dialog,visdial:161902,Prefix45,0.45,worst,10,False,True,False,2001.901381998323,1049.529059091583,952.37232290674,5243.894868879579,5422.653489164077,-178.75862028449774
sum_of_per_request_e2e_ms_with_persistence_scenario,dialog,visdial:172461,Prefix25,0.25,hidden,2,False,True,True,749.1778910625726,1068.5620749136433,-319.3841838510707,2968.3235951233655,5425.2495400141925,-2456.925944890827
sum_of_per_request_e2e_ms_with_persistence_scenario,dialog,visdial:172461,Prefix25,0.25,worst,5,False,True,False,1844.8221039725468,1068.5620749136433,776.2600290589035,4063.9678080333397,5425.2495400141925,-1361.2817319808528
sum_of_per_request_e2e_ms_with_persistence_scenario,dialog,visdial:172461,Prefix45,0.45,hidden,2,False,True,True,912.1580959763378,1068.5620749136433,-156.4039789373055,4031.600382993929,5425.2495400141925,-1393.6491570202634
sum_of_per_request_e2e_ms_with_persistence_scenario,dialog,visdial:172461,Prefix45,0.45,worst,9,False,True,False,2007.802308886312,1068.5620749136433,939.2402339726686,5127.244595903903,5425.2495400141925,-298.0049441102892
sum_of_per_request_e2e_ms_with_persistence_scenario,dialog,visdial:174525,Prefix25,0.25,hidden,2,False,True,True,851.2159740785137,1131.9637460401282,-280.7477719616145,3870.0321433134377,5798.550537787378,-1928.5183944739401
sum_of_per_request_e2e_ms_with_persistence_scenario,dialog,visdial:174525,Prefix25,0.25,worst,5,False,True,False,1752.3828231496736,1131.9637460401282,620.4190771095455,4771.198992384598,5798.550537787378,-1027.3515454027802
sum_of_per_request_e2e_ms_with_persistence_scenario,dialog,visdial:174525,Prefix45,0.45,hidden,2,False,True,True,986.4593888632953,1131.9637460401282,-145.50435717683285,4815.860962844454,5798.550537787378,-982.6895749429241
sum_of_per_request_e2e_ms_with_persistence_scenario,dialog,visdial:174525,Prefix45,0.45,worst,8,False,False,False,1887.6262379344553,1131.9637460401282,755.6624918943271,5717.027811915614,5798.550537787378,-81.52272587176412
sum_of_per_request_e2e_ms_with_persistence_scenario,dialog,visdial:174686,Prefix25,0.25,hidden,2,False,True,True,918.141997884959,1065.5441930284724,-147.40219514351338,3110.179612063803,5482.879688031971,-2372.7000759681687
sum_of_per_request_e2e_ms_with_persistence_scenario,dialog,visdial:174686,Prefix25,0.25,worst,5,False,True,False,1762.2102597961202,1065.5441930284724,696.6660667676479,3954.247873974964,5482.879688031971,-1528.6318140570074
sum_of_per_request_e2e_ms_with_persistence_scenario,dialog,visdial:174686,Prefix45,0.45,hidden,2,False,True,True,921.5058239642531,1065.5441930284724,-144.0383690642193,4102.179280947894,5482.879688031971,-1380.7004070840776
sum_of_per_request_e2e_ms_with_persistence_scenario,dialog,visdial:174686,Prefix45,0.45,worst,8,False,True,False,1765.5740858754143,1065.5441930284724,700.029892846942,4946.247542859055,5482.879688031971,-536.6321451729164
sum_of_per_request_e2e_ms_with_persistence_scenario,dialog,visdial:174813,Prefix25,0.25,hidden,2,False,True,True,736.6380339954048,890.2685559587553,-153.63052196335047,3329.770007287152,4123.763225856237,-793.993218569085
sum_of_per_request_e2e_ms_with_persistence_scenario,dialog,visdial:174813,Prefix25,0.25,worst,10,False,True,False,1406.7408429691568,890.2685559587553,516.4722870104015,3999.872816260904,4123.763225856237,-123.89040959533304
sum_of_per_request_e2e_ms_with_persistence_scenario,dialog,visdial:174813,Prefix45,0.45,hidden,2,False,True,True,872.0205880235881,890.2685559587553,-18.247967935167253,4015.9830970223993,4123.763225856237,-107.78012883383781
sum_of_per_request_e2e_ms_with_persistence_scenario,dialog,visdial:174813,Prefix45,0.45,worst,,True,,False,1542.12339699734,890.2685559587553,651.8548410385847,4686.085905996151,4123.763225856237,562.3226801399142
sum_of_per_request_e2e_ms_with_persistence_scenario,dialog,visdial:175667,Prefix25,0.25,hidden,2,False,True,True,874.7703359695151,1136.3165430957451,-261.54620712623,3528.572450974025,5811.446073115803,-2282.8736221417785
sum_of_per_request_e2e_ms_with_persistence_scenario,dialog,visdial:175667,Prefix25,0.25,worst,6,False,True,False,2113.591665867716,1136.3165430957451,977.2751227719709,4767.393780872226,5811.446073115803,-1044.0522922435775
sum_of_per_request_e2e_ms_with_persistence_scenario,dialog,visdial:175667,Prefix45,0.45,hidden,2,False,True,True,1003.2416329486296,1136.3165430957451,-133.0749101471156,4785.822108620778,5811.446073115803,-1025.6239644950256
sum_of_per_request_e2e_ms_with_persistence_scenario,dialog,visdial:175667,Prefix45,0.45,worst,,True,,False,2242.0629628468305,1136.3165430957451,1105.7464197510853,6024.643438518979,5811.446073115803,213.19736540317535
sum_of_per_request_e2e_ms_with_persistence_scenario,dialog,visdial:17842,Prefix25,0.25,hidden,2,False,True,True,1064.671340980567,1122.1392770530656,-57.46793607249856,3682.8327639959753,5807.870851131156,-2125.038087135181
sum_of_per_request_e2e_ms_with_persistence_scenario,dialog,visdial:17842,Prefix25,0.25,worst,7,False,True,False,2130.91714004986,1122.1392770530656,1008.7778629967943,4749.078563065268,5807.870851131156,-1058.792288065888
sum_of_per_request_e2e_ms_with_persistence_scenario,dialog,visdial:17842,Prefix45,0.45,hidden,2,False,True,True,1021.2836179416627,1122.1392770530656,-100.85565911140293,4951.487979851663,5807.870851131156,-856.382871279493
sum_of_per_request_e2e_ms_with_persistence_scenario,dialog,visdial:17842,Prefix45,0.45,worst,,True,,False,2087.5294170109555,1122.1392770530656,965.3901399578899,6017.733778920956,5807.870851131156,209.86292778979987
sum_of_per_request_e2e_ms_with_persistence_scenario,dialog,visdial:180478,Prefix25,0.25,hidden,2,False,True,True,904.0609960211441,1164.84131407924,-260.7803180580959,4035.5416900711134,6324.2156722117215,-2288.673982140608
sum_of_per_request_e2e_ms_with_persistence_scenario,dialog,visdial:180478,Prefix25,0.25,worst,6,False,True,False,2153.9947859710082,1164.84131407924,989.1534718917683,5285.475480020978,6324.2156722117215,-1038.740192190744
sum_of_per_request_e2e_ms_with_persistence_scenario,dialog,visdial:180478,Prefix45,0.45,hidden,2,False,True,True,1026.5218950808048,1164.84131407924,-138.31941899843514,5417.478184099309,6324.2156722117215,-906.7374881124124
sum_of_per_request_e2e_ms_with_persistence_scenario,dialog,visdial:180478,Prefix45,0.45,worst,,True,,False,2276.455685030669,1164.84131407924,1111.614370951429,6667.411974049173,6324.2156722117215,343.19630183745176
sum_of_per_request_e2e_ms_with_persistence_scenario,dialog,visdial:191618,Prefix25,0.25,hidden,2,False,True,True,924.8919599922374,1181.6493279766291,-256.75736798439175,3728.743149782531,5914.683678071015,-2185.9405282884836
sum_of_per_request_e2e_ms_with_persistence_scenario,dialog,visdial:191618,Prefix25,0.25,worst,7,False,True,False,2189.5334270084277,1181.6493279766291,1007.8840990317985,4993.384616798721,5914.683678071015,-921.2990612722933
sum_of_per_request_e2e_ms_with_persistence_scenario,dialog,visdial:191618,Prefix45,0.45,hidden,2,False,True,True,1075.8368300739676,1181.6493279766291,-105.81249790266156,5030.426881159656,5914.683678071015,-884.2567969113588
sum_of_per_request_e2e_ms_with_persistence_scenario,dialog,visdial:191618,Prefix45,0.45,worst,,True,,False,2340.478297090158,1181.6493279766291,1158.8289691135287,6295.068348175846,5914.683678071015,380.38467010483146
sum_of_per_request_e2e_ms_with_persistence_scenario,dialog,visdial:195881,Prefix25,0.25,hidden,2,False,True,True,807.6987920794636,1070.1556210406125,-262.45682896114886,3163.8244159985334,5513.205007999204,-2349.3805920006707
sum_of_per_request_e2e_ms_with_persistence_scenario,dialog,visdial:195881,Prefix25,0.25,worst,5,False,True,False,1739.7348509402946,1070.1556210406125,669.5792298996821,4095.8604748593643,5513.205007999204,-1417.3445331398398
sum_of_per_request_e2e_ms_with_persistence_scenario,dialog,visdial:195881,Prefix45,0.45,hidden,2,False,True,True,1005.1147668855265,1070.1556210406125,-65.04085415508598,4374.714897945523,5513.205007999204,-1138.4901100536808
sum_of_per_request_e2e_ms_with_persistence_scenario,dialog,visdial:195881,Prefix45,0.45,worst,9,False,True,False,1937.1508257463574,1070.1556210406125,866.995204705745,5306.750956806354,5513.205007999204,-206.45405119284987
sum_of_per_request_e2e_ms_with_persistence_scenario,dialog,visdial:200633,Prefix25,0.25,hidden,2,False,True,True,820.8144420059398,1050.8221089839935,-230.00766697805375,3363.2965720025823,5420.531046111137,-2057.2344741085544
sum_of_per_request_e2e_ms_with_persistence_scenario,dialog,visdial:200633,Prefix25,0.25,worst,6,False,True,False,1753.5072991158813,1050.8221089839935,702.6851901318878,4295.989429112524,5420.531046111137,-1124.5416169986129
sum_of_per_request_e2e_ms_with_persistence_scenario,dialog,visdial:200633,Prefix45,0.45,hidden,2,False,True,True,944.2067550262436,1050.8221089839935,-106.6153539577499,4319.379193009809,5420.531046111137,-1101.151853101328
sum_of_per_request_e2e_ms_with_persistence_scenario,dialog,visdial:200633,Prefix45,0.45,worst,9,False,True,False,1876.8996121361852,1050.8221089839935,826.0775031521916,5252.07205011975,5420.531046111137,-168.45899599138647
sum_of_per_request_e2e_ms_with_persistence_scenario,dialog,visdial:209351,Prefix25,0.25,hidden,2,False,True,True,875.4605271387845,1165.3555979719386,-289.895070833154,3547.973883105442,5940.742275095545,-2392.768391990103
sum_of_per_request_e2e_ms_with_persistence_scenario,dialog,visdial:209351,Prefix25,0.25,worst,5,False,True,False,1817.9172441596165,1165.3555979719386,652.561646187678,4490.430600126274,5940.742275095545,-1450.3116749692708
sum_of_per_request_e2e_ms_with_persistence_scenario,dialog,visdial:209351,Prefix45,0.45,hidden,2,False,True,True,1055.5828140350059,1165.3555979719386,-109.77278393693268,4996.389894979075,5940.742275095545,-944.3523801164702
sum_of_per_request_e2e_ms_with_persistence_scenario,dialog,visdial:209351,Prefix45,0.45,worst,10,False,True,False,1998.0395310558379,1165.3555979719386,832.6839330838993,5938.846611999907,5940.742275095545,-1.895663095638156
sum_of_per_request_e2e_ms_with_persistence_scenario,dialog,visdial:212772,Prefix25,0.25,hidden,2,False,True,True,817.2741029411554,1120.6728860270232,-303.39878308586776,3147.938860929571,5843.110680929385,-2695.171819999814
sum_of_per_request_e2e_ms_with_persistence_scenario,dialog,visdial:212772,Prefix25,0.25,worst,4,False,True,False,1685.8067710418254,1120.6728860270232,565.1338850148022,4016.471529030241,5843.110680929385,-1826.639151899144
sum_of_per_request_e2e_ms_with_persistence_scenario,dialog,visdial:212772,Prefix45,0.45,hidden,2,False,True,True,1008.1509730080143,1120.6728860270232,-112.52191301900893,4364.112901967019,5843.110680929385,-1478.9977789623663
sum_of_per_request_e2e_ms_with_persistence_scenario,dialog,visdial:212772,Prefix45,0.45,worst,7,False,True,False,1876.6836411086842,1120.6728860270232,756.010755081661,5232.645570067689,5843.110680929385,-610.4651108616963
sum_of_per_request_e2e_ms_with_persistence_scenario,dialog,visdial:223323,Prefix25,0.25,hidden,2,False,True,True,890.3186989482492,1162.2233469970524,-271.9046480488032,3388.419017777778,5896.335557103157,-2507.916539325379
sum_of_per_request_e2e_ms_with_persistence_scenario,dialog,visdial:223323,Prefix25,0.25,worst,5,False,True,False,1997.3709578625858,1162.2233469970524,835.1476108655334,4495.471276692115,5896.335557103157,-1400.8642804110423
sum_of_per_request_e2e_ms_with_persistence_scenario,dialog,visdial:223323,Prefix45,0.45,hidden,2,False,True,True,1037.27098996751,1162.2233469970524,-124.95235702954233,4789.105486939661,5896.335557103157,-1107.2300701634958
sum_of_per_request_e2e_ms_with_persistence_scenario,dialog,visdial:223323,Prefix45,0.45,worst,10,False,True,False,2144.3232488818467,1162.2233469970524,982.0999018847942,5896.157745853998,5896.335557103157,-0.17781124915927649
sum_of_per_request_e2e_ms_with_persistence_scenario,dialog,visdial:226673,Prefix25,0.25,hidden,2,False,True,True,854.7147799981758,1143.7326481100172,-289.0178681118414,3127.662113052793,5799.785163020715,-2672.1230499679223
sum_of_per_request_e2e_ms_with_persistence_scenario,dialog,visdial:226673,Prefix25,0.25,worst,5,False,True,False,1840.0846909498796,1143.7326481100172,696.3520428398624,4113.032024004497,5799.785163020715,-1686.7531390162185
sum_of_per_request_e2e_ms_with_persistence_scenario,dialog,visdial:226673,Prefix45,0.45,hidden,2,False,True,True,1044.3983140867203,1143.7326481100172,-99.33433402329683,4695.498715154827,5799.785163020715,-1104.2864478658885
sum_of_per_request_e2e_ms_with_persistence_scenario,dialog,visdial:226673,Prefix45,0.45,worst,10,False,True,False,2029.7682250384241,1143.7326481100172,886.035576928407,5680.86862610653,5799.785163020715,-118.91653691418469
sum_of_per_request_e2e_ms_with_persistence_scenario,dialog,visdial:230818,Prefix25,0.25,hidden,2,False,True,True,717.0021060155705,767.5583880627528,-50.55628204718232,3295.086238300428,3522.45219622273,-227.3659579223022
sum_of_per_request_e2e_ms_with_persistence_scenario,dialog,visdial:230818,Prefix25,0.25,worst,,True,,False,1420.4268760513514,767.5583880627528,652.8684879885986,3998.5110083362088,3522.45219622273,476.0588121134788
sum_of_per_request_e2e_ms_with_persistence_scenario,dialog,visdial:230818,Prefix45,0.45,hidden,2,False,False,True,767.2674470813945,767.5583880627528,-0.2909409813582897,3419.095627963543,3522.45219622273,-103.35656825918704
sum_of_per_request_e2e_ms_with_persistence_scenario,dialog,visdial:230818,Prefix45,0.45,worst,,True,,False,1470.6922171171755,767.5583880627528,703.1338290544227,4122.520397999324,3522.45219622273,600.0682017765939
sum_of_per_request_e2e_ms_with_persistence_scenario,dialog,visdial:237283,Prefix25,0.25,hidden,2,False,True,True,726.3196809217334,888.5085539659485,-162.18887304421514,3561.939499108121,4907.006397028454,-1345.0668979203328
sum_of_per_request_e2e_ms_with_persistence_scenario,dialog,visdial:237283,Prefix25,0.25,worst,8,False,True,False,1471.009825821966,888.5085539659485,582.5012718560174,4306.629644008353,4907.006397028454,-600.3767530201003
sum_of_per_request_e2e_ms_with_persistence_scenario,dialog,visdial:237283,Prefix45,0.45,hidden,2,False,False,True,810.8709340449423,888.5085539659485,-77.63761992100626,4440.353283891454,4907.006397028454,-466.6531131369993
sum_of_per_request_e2e_ms_with_persistence_scenario,dialog,visdial:237283,Prefix45,0.45,worst,,True,,False,1555.5610789451748,888.5085539659485,667.0525249792263,5185.043428791687,4907.006397028454,278.03703176323324
sum_of_per_request_e2e_ms_with_persistence_scenario,dialog,visdial:239217,Prefix25,0.25,hidden,2,False,True,True,813.1304258713499,1115.610612090677,-302.48018621932715,3472.936047008261,5822.298762854189,-2349.3627158459276
sum_of_per_request_e2e_ms_with_persistence_scenario,dialog,visdial:239217,Prefix25,0.25,worst,5,False,True,False,1753.3785859122872,1115.610612090677,637.7679738216102,4413.184207049198,5822.298762854189,-1409.1145558049902
sum_of_per_request_e2e_ms_with_persistence_scenario,dialog,visdial:239217,Prefix45,0.45,hidden,2,False,True,True,919.9453808832914,1115.610612090677,-195.66523120738566,4525.55273193866,5822.298762854189,-1296.7460309155285
sum_of_per_request_e2e_ms_with_persistence_scenario,dialog,visdial:239217,Prefix45,0.45,worst,8,False,True,False,1860.1935409242287,1115.610612090677,744.5829288335517,5465.8008919795975,5822.298762854189,-356.4978708745912
sum_of_per_request_e2e_ms_with_persistence_scenario,dialog,visdial:247001,Prefix25,0.25,hidden,2,False,True,True,892.3043869435787,1188.9542930293828,-296.6499060858041,3596.4072829810902,5851.14055511076,-2254.73327212967
sum_of_per_request_e2e_ms_with_persistence_scenario,dialog,visdial:247001,Prefix25,0.25,worst,5,False,True,False,1859.4067739322782,1188.9542930293828,670.4524809028953,4563.50966996979,5851.14055511076,-1287.6308851409703
sum_of_per_request_e2e_ms_with_persistence_scenario,dialog,visdial:247001,Prefix45,0.45,hidden,2,False,True,True,1017.4996940186247,1188.9542930293828,-171.4545990107581,4978.2088961219415,5851.14055511076,-872.9316589888185
sum_of_per_request_e2e_ms_with_persistence_scenario,dialog,visdial:247001,Prefix45,0.45,worst,,True,,False,1984.6020810073242,1188.9542930293828,795.6477879779413,5945.311283110641,5851.14055511076,94.17072799988091
sum_of_per_request_e2e_ms_with_persistence_scenario,dialog,visdial:255378,Prefix25,0.25,hidden,2,False,True,True,880.5814849911258,1156.5116490237415,-275.9301640326157,3330.741849145852,5809.389224858023,-2478.647375712171
sum_of_per_request_e2e_ms_with_persistence_scenario,dialog,visdial:255378,Prefix25,0.25,worst,5,False,True,False,1870.8873458672315,1156.5116490237415,714.37569684349,4321.047710021958,5809.389224858023,-1488.3415148360655
sum_of_per_request_e2e_ms_with_persistence_scenario,dialog,visdial:255378,Prefix45,0.45,hidden,2,False,True,True,1002.9734130948782,1156.5116490237415,-153.5382359288633,4673.088514013216,5809.389224858023,-1136.3007108448073
sum_of_per_request_e2e_ms_with_persistence_scenario,dialog,visdial:255378,Prefix45,0.45,worst,9,False,True,False,1993.279273970984,1156.5116490237415,836.7676249472424,5663.394374889322,5809.389224858023,-145.9948499687016
sum_of_per_request_e2e_ms_with_persistence_scenario,dialog,visdial:258333,Prefix25,0.25,hidden,2,False,True,True,821.802300051786,1150.0308850081638,-328.22858495637774,3428.570834104903,5941.414185799658,-2512.8433516947553
sum_of_per_request_e2e_ms_with_persistence_scenario,dialog,visdial:258333,Prefix25,0.25,worst,5,False,True,False,1736.7799079511315,1150.0308850081638,586.7490229429677,4343.5484420042485,5941.414185799658,-1597.8657437954098
sum_of_per_request_e2e_ms_with_persistence_scenario,dialog,visdial:258333,Prefix45,0.45,hidden,2,False,True,True,1049.9888319754973,1150.0308850081638,-100.04205303266644,5042.01854323037,5941.414185799658,-899.3956425692886
sum_of_per_request_e2e_ms_with_persistence_scenario,dialog,visdial:258333,Prefix45,0.45,worst,,True,,False,1964.9664398748428,1150.0308850081638,814.935554866679,5956.996151129715,5941.414185799658,15.581965330056846
sum_of_per_request_e2e_ms_with_persistence_scenario,dialog,visdial:261686,Prefix25,0.25,hidden,2,False,True,True,1477.9946630587801,1882.8223160235211,-404.827652964741,4763.839164283127,8636.417269939557,-3872.57810565643
sum_of_per_request_e2e_ms_with_persistence_scenario,dialog,visdial:261686,Prefix25,0.25,worst,4,False,True,False,2623.540438944474,1882.8223160235211,740.7181229209527,5909.38494016882,8636.417269939557,-2727.0323297707364
sum_of_per_request_e2e_ms_with_persistence_scenario,dialog,visdial:261686,Prefix45,0.45,hidden,2,False,True,True,1731.9219671189785,1882.8223160235211,-150.90034890454262,6561.244652140886,8636.417269939557,-2075.172617798671
sum_of_per_request_e2e_ms_with_persistence_scenario,dialog,visdial:261686,Prefix45,0.45,worst,7,False,True,False,2877.4677430046722,1882.8223160235211,994.6454269811511,7706.790428026579,8636.417269939557,-929.6268419129774
sum_of_per_request_e2e_ms_with_persistence_scenario,dialog,visdial:263372,Prefix25,0.25,hidden,2,False,True,True,791.1439370363951,1011.8689240189269,-220.72498698253185,3240.397551096976,5157.782773952931,-1917.3852228559554
sum_of_per_request_e2e_ms_with_persistence_scenario,dialog,visdial:263372,Prefix25,0.25,worst,5,False,True,False,1614.1057470813394,1011.8689240189269,602.2368230624124,4063.35936114192,5157.782773952931,-1094.423412811011
sum_of_per_request_e2e_ms_with_persistence_scenario,dialog,visdial:263372,Prefix45,0.45,hidden,2,False,True,True,850.3278080606833,1011.8689240189269,-161.5411159582436,4067.9585109464824,5157.782773952931,-1089.8242630064487
sum_of_per_request_e2e_ms_with_persistence_scenario,dialog,visdial:263372,Prefix45,0.45,worst,8,False,True,False,1673.2896181056276,1011.8689240189269,661.4206940867007,4890.920320991427,5157.782773952931,-266.86245296150446
sum_of_per_request_e2e_ms_with_persistence_scenario,dialog,visdial:27086,Prefix25,0.25,hidden,2,False,True,True,793.908033054322,1046.361999004148,-252.45396594982594,3408.075638115406,5333.485387032852,-1925.4097489174455
sum_of_per_request_e2e_ms_with_persistence_scenario,dialog,visdial:27086,Prefix25,0.25,worst,6,False,True,False,1605.6959590641782,1046.361999004148,559.3339600600302,4219.863564125262,5333.485387032852,-1113.6218229075894
sum_of_per_request_e2e_ms_with_persistence_scenario,dialog,visdial:27086,Prefix45,0.45,hidden,2,False,False,True,945.7054819213226,1046.361999004148,-100.6565170828253,4644.061098922975,5333.485387032852,-689.4242881098762
sum_of_per_request_e2e_ms_with_persistence_scenario,dialog,visdial:27086,Prefix45,0.45,worst,,True,,False,1757.4934079311788,1046.361999004148,711.1314089270309,5455.8490249328315,5333.485387032852,122.36363789997995
sum_of_per_request_e2e_ms_with_persistence_scenario,dialog,visdial:292163,Prefix25,0.25,hidden,2,False,True,True,898.9529149839655,1164.1009600134566,-265.1480450294912,3575.3546048654243,5982.232577167451,-2406.877972302027
sum_of_per_request_e2e_ms_with_persistence_scenario,dialog,visdial:292163,Prefix25,0.25,worst,7,False,True,False,2286.7252129362896,1164.1009600134566,1122.624252922833,4963.1269028177485,5982.232577167451,-1019.1056743497029
sum_of_per_request_e2e_ms_with_persistence_scenario,dialog,visdial:292163,Prefix45,0.45,hidden,2,False,True,True,1057.3514690622687,1164.1009600134566,-106.74949095118791,5022.414177074097,5982.232577167451,-959.8184000933543
sum_of_per_request_e2e_ms_with_persistence_scenario,dialog,visdial:292163,Prefix45,0.45,worst,,True,,False,2445.123767014593,1164.1009600134566,1281.0228070011362,6410.186475026421,5982.232577167451,427.95389785896987
sum_of_per_request_e2e_ms_with_persistence_scenario,dialog,visdial:294553,Prefix25,0.25,hidden,2,False,True,True,811.6620581131428,1066.7997769778594,-255.1377188647166,3480.7541698683053,5436.119176913053,-1955.3650070447475
sum_of_per_request_e2e_ms_with_persistence_scenario,dialog,visdial:294553,Prefix25,0.25,worst,5,False,True,False,1703.6800181958824,1066.7997769778594,636.880241218023,4372.772129951045,5436.119176913053,-1063.3470469620079
sum_of_per_request_e2e_ms_with_persistence_scenario,dialog,visdial:294553,Prefix45,0.45,hidden,2,False,True,True,959.2012759530917,1066.7997769778594,-107.59850102476776,4684.794347151183,5436.119176913053,-751.3248297618702
sum_of_per_request_e2e_ms_with_persistence_scenario,dialog,visdial:294553,Prefix45,0.45,worst,,True,,False,1851.2192360358313,1066.7997769778594,784.4194590579718,5576.812307233922,5436.119176913053,140.6931303208694
sum_of_per_request_e2e_ms_with_persistence_scenario,dialog,visdial:297127,Prefix25,0.25,hidden,2,False,True,True,1091.9163470389321,1490.0409799301997,-398.12463289126754,4228.382391040213,7682.789916871116,-3454.407525830902
sum_of_per_request_e2e_ms_with_persistence_scenario,dialog,visdial:297127,Prefix25,0.25,worst,5,False,True,False,2481.5155820688233,1490.0409799301997,991.4746021386236,5617.9816260701045,7682.789916871116,-2064.808290801011
sum_of_per_request_e2e_ms_with_persistence_scenario,dialog,visdial:297127,Prefix45,0.45,hidden,2,False,True,True,1275.579864042811,1490.0409799301997,-214.4611158873886,6029.295957065187,7682.789916871116,-1653.4939598059282
sum_of_per_request_e2e_ms_with_persistence_scenario,dialog,visdial:297127,Prefix45,0.45,worst,9,False,True,False,2665.1790990727022,1490.0409799301997,1175.1381191425025,7418.8951920950785,7682.789916871116,-263.89472477603704
sum_of_per_request_e2e_ms_with_persistence_scenario,dialog,visdial:302759,Prefix25,0.25,hidden,2,False,True,True,868.0939631303772,1147.9286480462179,-279.8346849158406,3431.6426581935957,6036.246528965421,-2604.6038707718253
sum_of_per_request_e2e_ms_with_persistence_scenario,dialog,visdial:302759,Prefix25,0.25,worst,5,False,True,False,1770.5535190179944,1147.9286480462179,622.6248709717765,4334.102214081213,6036.246528965421,-1702.1443148842081
sum_of_per_request_e2e_ms_with_persistence_scenario,dialog,visdial:302759,Prefix45,0.45,hidden,2,False,True,True,1015.8895780332386,1147.9286480462179,-132.0390700129792,5023.030832177028,6036.246528965421,-1013.215696788393
sum_of_per_request_e2e_ms_with_persistence_scenario,dialog,visdial:302759,Prefix45,0.45,worst,8,False,False,False,1918.3491339208558,1147.9286480462179,770.420485874638,5925.490388064645,6036.246528965421,-110.75614090077579
sum_of_per_request_e2e_ms_with_persistence_scenario,dialog,visdial:307728,Prefix25,0.25,hidden,2,False,True,True,811.0753529472277,1118.2613000273705,-307.1859470801428,3198.1254229322076,5937.818677048199,-2739.6932541159913
sum_of_per_request_e2e_ms_with_persistence_scenario,dialog,visdial:307728,Prefix25,0.25,worst,4,False,True,False,1710.621002013795,1118.2613000273705,592.3597019864246,4097.671071998775,5937.818677048199,-1840.1476050494239
sum_of_per_request_e2e_ms_with_persistence_scenario,dialog,visdial:307728,Prefix45,0.45,hidden,2,False,True,True,990.0200489209965,1118.2613000273705,-128.24125110637397,4641.36598771438,5937.818677048199,-1296.4526893338189
sum_of_per_request_e2e_ms_with_persistence_scenario,dialog,visdial:307728,Prefix45,0.45,worst,8,False,True,False,1889.565697987564,1118.2613000273705,771.3043979601935,5540.911636780947,5937.818677048199,-396.90704026725143
sum_of_per_request_e2e_ms_with_persistence_scenario,dialog,visdial:310424,Prefix25,0.25,hidden,2,False,True,True,828.3428450813517,1092.3440080368891,-264.00116295553744,3844.061935436912,5713.552339817397,-1869.4904043804854
sum_of_per_request_e2e_ms_with_persistence_scenario,dialog,visdial:310424,Prefix25,0.25,worst,5,False,True,False,1661.082564969547,1092.3440080368891,568.738556932658,4676.801655325107,5713.552339817397,-1036.75068449229
sum_of_per_request_e2e_ms_with_persistence_scenario,dialog,visdial:310424,Prefix45,0.45,hidden,2,False,True,True,963.6153080500662,1092.3440080368891,-128.7286999868229,4683.1324162194505,5713.552339817397,-1030.4199235979468
sum_of_per_request_e2e_ms_with_persistence_scenario,dialog,visdial:310424,Prefix45,0.45,worst,9,False,True,False,1796.3550279382616,1092.3440080368891,704.0110199013725,5515.872136107646,5713.552339817397,-197.68020370975137
sum_of_per_request_e2e_ms_with_persistence_scenario,dialog,visdial:311202,Prefix25,0.25,hidden,2,False,True,True,801.2634548358619,1050.0448890961707,-248.78143426030874,3895.0147009454668,6254.6027429634705,-2359.5880420180038
sum_of_per_request_e2e_ms_with_persistence_scenario,dialog,visdial:311202,Prefix25,0.25,worst,5,False,True,False,1722.4260738585144,1050.0448890961707,672.3811847623438,4816.177319968119,6254.6027429634705,-1438.4254229953513
sum_of_per_request_e2e_ms_with_persistence_scenario,dialog,visdial:311202,Prefix45,0.45,hidden,2,False,True,True,936.4502810640261,1050.0448890961707,-113.5946080321446,5106.734053231776,6254.6027429634705,-1147.8686897316948
sum_of_per_request_e2e_ms_with_persistence_scenario,dialog,visdial:311202,Prefix45,0.45,worst,9,False,True,False,1857.6129000866786,1050.0448890961707,807.5680109905079,6027.896672254428,6254.6027429634705,-226.70607070904225
sum_of_per_request_e2e_ms_with_persistence_scenario,dialog,visdial:312659,Prefix25,0.25,hidden,2,False,True,True,930.2156280027702,1118.3623999822885,-188.14677197951823,3547.7394938934594,5815.940729924478,-2268.201236031018
sum_of_per_request_e2e_ms_with_persistence_scenario,dialog,visdial:312659,Prefix25,0.25,worst,6,False,True,False,2003.3022430725396,1118.3623999822885,884.9398430902511,4620.826108963229,5815.940729924478,-1195.1146209612489
sum_of_per_request_e2e_ms_with_persistence_scenario,dialog,visdial:312659,Prefix45,0.45,hidden,2,False,True,True,1038.091192021966,1118.3623999822885,-80.2712079603225,4820.533828926273,5815.940729924478,-995.406900998205
sum_of_per_request_e2e_ms_with_persistence_scenario,dialog,visdial:312659,Prefix45,0.45,worst,,True,,False,2111.1778070917353,1118.3623999822885,992.8154071094468,5893.620443996042,5815.940729924478,77.67971407156438
sum_of_per_request_e2e_ms_with_persistence_scenario,dialog,visdial:313049,Prefix25,0.25,hidden,2,False,True,True,808.3712130319327,1034.4083820236847,-226.03716899175197,3532.7670319238678,5401.814796146937,-1869.047764223069
sum_of_per_request_e2e_ms_with_persistence_scenario,dialog,visdial:313049,Prefix25,0.25,worst,6,False,True,False,1699.5517179602757,1034.4083820236847,665.143335936591,4423.947536852211,5401.814796146937,-977.867259294726
sum_of_per_request_e2e_ms_with_persistence_scenario,dialog,visdial:313049,Prefix45,0.45,hidden,2,False,True,True,934.8878200398758,1034.4083820236847,-99.52056198380888,4212.0640110224485,5401.814796146937,-1189.7507851244882
sum_of_per_request_e2e_ms_with_persistence_scenario,dialog,visdial:313049,Prefix45,0.45,worst,8,False,True,False,1826.0683249682188,1034.4083820236847,791.6599429445341,5103.2445159507915,5401.814796146937,-298.5702801961452
sum_of_per_request_e2e_ms_with_persistence_scenario,dialog,visdial:321934,Prefix25,0.25,hidden,2,False,True,True,831.9690029602498,1095.130573026836,-263.16157006658614,3196.869114995934,5772.384592215531,-2575.5154772195965
sum_of_per_request_e2e_ms_with_persistence_scenario,dialog,visdial:321934,Prefix25,0.25,worst,5,False,True,False,1820.593564887531,1095.130573026836,725.4629918606952,4185.493676923215,5772.384592215531,-1586.8909152923152
sum_of_per_request_e2e_ms_with_persistence_scenario,dialog,visdial:321934,Prefix45,0.45,hidden,2,False,True,True,978.9139709901065,1095.130573026836,-116.21660203672945,4514.4671611487865,5772.384592215531,-1257.917431066744
sum_of_per_request_e2e_ms_with_persistence_scenario,dialog,visdial:321934,Prefix45,0.45,worst,8,False,True,False,1967.5385329173878,1095.130573026836,872.4079598905519,5503.091723076068,5772.384592215531,-269.2928691394627
sum_of_per_request_e2e_ms_with_persistence_scenario,dialog,visdial:325335,Prefix25,0.25,hidden,2,False,True,True,715.3882259735838,894.7608820162714,-179.3726560426876,3230.3074658848345,4980.523379985243,-1750.2159141004086
sum_of_per_request_e2e_ms_with_persistence_scenario,dialog,visdial:325335,Prefix25,0.25,worst,7,False,True,False,1641.404062975198,894.7608820162714,746.6431809589267,4156.323302886449,4980.523379985243,-824.2000770987943
sum_of_per_request_e2e_ms_with_persistence_scenario,dialog,visdial:325335,Prefix45,0.45,hidden,2,False,True,True,813.4441780857742,894.7608820162714,-81.31670393049717,4088.785871048458,4980.523379985243,-891.7375089367852
sum_of_per_request_e2e_ms_with_persistence_scenario,dialog,visdial:325335,Prefix45,0.45,worst,,True,,False,1739.4600150873885,894.7608820162714,844.6991330711171,5014.801708050072,4980.523379985243,34.27832806482911
sum_of_per_request_e2e_ms_with_persistence_scenario,dialog,visdial:341253,Prefix25,0.25,hidden,2,False,True,True,890.8667999785393,1203.3673379337415,-312.50053795520216,3500.9398580295965,6311.186187085696,-2810.246329056099
sum_of_per_request_e2e_ms_with_persistence_scenario,dialog,visdial:341253,Prefix25,0.25,worst,5,False,True,False,2020.0193769996986,1203.3673379337415,816.6520390659571,4630.092435050756,6311.186187085696,-1681.0937520349398
sum_of_per_request_e2e_ms_with_persistence_scenario,dialog,visdial:341253,Prefix45,0.45,hidden,2,False,True,True,1044.9462939286605,1203.3673379337415,-158.42104400508106,4975.693010026589,6311.186187085696,-1335.4931770591065
sum_of_per_request_e2e_ms_with_persistence_scenario,dialog,visdial:341253,Prefix45,0.45,worst,9,False,True,False,2174.0988709498197,1203.3673379337415,970.7315330160782,6104.845587047748,6311.186187085696,-206.3406000379473
sum_of_per_request_e2e_ms_with_persistence_scenario,dialog,visdial:348840,Prefix25,0.25,hidden,2,False,True,True,808.9177869260311,1059.693970135413,-250.776183209382,3800.250933971256,5488.949672318995,-1688.698738347739
sum_of_per_request_e2e_ms_with_persistence_scenario,dialog,visdial:348840,Prefix25,0.25,worst,6,False,True,False,1794.5609029848129,1059.693970135413,734.8669328493997,4785.894050030038,5488.949672318995,-703.0556222889572
sum_of_per_request_e2e_ms_with_persistence_scenario,dialog,visdial:348840,Prefix45,0.45,hidden,2,False,True,True,924.7537649935111,1059.693970135413,-134.94020514190197,4272.218480007723,5488.949672318995,-1216.731192311272
sum_of_per_request_e2e_ms_with_persistence_scenario,dialog,visdial:348840,Prefix45,0.45,worst,9,False,True,False,1910.3968810522929,1059.693970135413,850.7029109168798,5257.861596066505,5488.949672318995,-231.08807625249028
sum_of_per_request_e2e_ms_with_persistence_scenario,dialog,visdial:351635,Prefix25,0.25,hidden,2,False,True,True,841.0048598889261,1060.7935060979798,-219.7886462090537,3184.0013987384737,5440.134575939737,-2256.1331772012636
sum_of_per_request_e2e_ms_with_persistence_scenario,dialog,visdial:351635,Prefix25,0.25,worst,6,False,True,False,1830.3755427477881,1060.7935060979798,769.5820366498083,4173.372081597336,5440.134575939737,-1266.7624943424016
sum_of_per_request_e2e_ms_with_persistence_scenario,dialog,visdial:351635,Prefix45,0.45,hidden,2,False,True,True,972.4791229236871,1060.7935060979798,-88.31438317429274,4384.485117974691,5440.134575939737,-1055.6494579650462
sum_of_per_request_e2e_ms_with_persistence_scenario,dialog,visdial:351635,Prefix45,0.45,worst,10,False,True,False,1961.849805782549,1060.7935060979798,901.0562996845692,5373.855800833553,5440.134575939737,-66.27877510618418
sum_of_per_request_e2e_ms_with_persistence_scenario,dialog,visdial:35806,Prefix25,0.25,hidden,2,False,True,True,862.5231799669564,1156.7518169758841,-294.22863700892776,3604.0449179708958,5950.934689142741,-2346.8897711718455
sum_of_per_request_e2e_ms_with_persistence_scenario,dialog,visdial:35806,Prefix25,0.25,worst,5,False,True,False,1814.2045499989763,1156.7518169758841,657.4527330230922,4555.726288002916,5950.934689142741,-1395.2084011398256
sum_of_per_request_e2e_ms_with_persistence_scenario,dialog,visdial:35806,Prefix45,0.45,hidden,2,False,True,True,1052.1049650851637,1156.7518169758841,-104.64685189072043,5009.3057542108,5950.934689142741,-941.6289349319413
sum_of_per_request_e2e_ms_with_persistence_scenario,dialog,visdial:35806,Prefix45,0.45,worst,,True,,False,2003.7863351171836,1156.7518169758841,847.0345181412995,5960.98712424282,5950.934689142741,10.052435100078583
sum_of_per_request_e2e_ms_with_persistence_scenario,dialog,visdial:369440,Prefix25,0.25,hidden,2,False,True,True,916.1670089233667,1160.014727152884,-243.84771822951734,3881.137918913737,6131.0505863511935,-2249.9126674374565
sum_of_per_request_e2e_ms_with_persistence_scenario,dialog,visdial:369440,Prefix25,0.25,worst,6,False,True,False,2010.7629320118576,1160.014727152884,850.7482048589736,4975.733842002228,6131.0505863511935,-1155.3167443489656
sum_of_per_request_e2e_ms_with_persistence_scenario,dialog,visdial:369440,Prefix45,0.45,hidden,2,False,True,True,1069.408138981089,1160.014727152884,-90.60658817179501,5210.309477057308,6131.0505863511935,-920.7411092938855
sum_of_per_request_e2e_ms_with_persistence_scenario,dialog,visdial:369440,Prefix45,0.45,worst,,True,,False,2164.00406206958,1160.014727152884,1003.989334916696,6304.905400145799,6131.0505863511935,173.85481379460543
sum_of_per_request_e2e_ms_with_persistence_scenario,dialog,visdial:376140,Prefix25,0.25,hidden,2,False,True,True,843.685743981041,1128.463221830316,-284.7774778492749,3622.5655638845637,5868.7100717797875,-2246.144507895224
sum_of_per_request_e2e_ms_with_persistence_scenario,dialog,visdial:376140,Prefix25,0.25,worst,5,False,True,False,1806.28733697813,1128.463221830316,677.8241151478142,4585.167156881653,5868.7100717797875,-1283.5429148981348
sum_of_per_request_e2e_ms_with_persistence_scenario,dialog,visdial:376140,Prefix45,0.45,hidden,2,False,True,True,981.0560850892216,1128.463221830316,-147.4071367410943,4574.690314359032,5868.7100717797875,-1294.019757420756
sum_of_per_request_e2e_ms_with_persistence_scenario,dialog,visdial:376140,Prefix45,0.45,worst,8,False,True,False,1943.6576780863106,1128.463221830316,815.1944562559947,5537.291907356121,5868.7100717797875,-331.4181644236669
sum_of_per_request_e2e_ms_with_persistence_scenario,dialog,visdial:37996,Prefix25,0.25,hidden,2,False,True,True,833.9785520220175,1155.758855980821,-321.7803039588034,3634.1297609033063,5958.134470973164,-2324.0047100698575
sum_of_per_request_e2e_ms_with_persistence_scenario,dialog,visdial:37996,Prefix25,0.25,worst,6,False,True,False,1964.7862570127472,1155.758855980821,809.0274010319263,4764.937465894036,5958.134470973164,-1193.1970050791278
sum_of_per_request_e2e_ms_with_persistence_scenario,dialog,visdial:37996,Prefix45,0.45,hidden,2,False,True,True,1002.3619208950549,1155.758855980821,-153.39693508576602,5112.487356876954,5958.134470973164,-845.6471140962094
sum_of_per_request_e2e_ms_with_persistence_scenario,dialog,visdial:37996,Prefix45,0.45,worst,,True,,False,2133.1696258857846,1155.758855980821,977.4107699049637,6243.295061867684,5958.134470973164,285.1605908945203
sum_of_per_request_e2e_ms_with_persistence_scenario,dialog,visdial:38667,Prefix25,0.25,hidden,2,False,True,True,889.6467739250511,1153.0829720431939,-263.4361981181428,3675.804526777938,5996.218770975247,-2320.414244197309
sum_of_per_request_e2e_ms_with_persistence_scenario,dialog,visdial:38667,Prefix25,0.25,worst,5,False,True,False,1894.850963843055,1153.0829720431939,741.7679917998612,4681.008716695942,5996.218770975247,-1315.210054279305
sum_of_per_request_e2e_ms_with_persistence_scenario,dialog,visdial:38667,Prefix45,0.45,hidden,2,False,True,True,1076.9460620358586,1153.0829720431939,-76.13691000733525,5081.786737078801,5996.218770975247,-914.4320338964462
sum_of_per_request_e2e_ms_with_persistence_scenario,dialog,visdial:38667,Prefix45,0.45,worst,,True,,False,2082.1502519538626,1153.0829720431939,929.0672799106687,6086.990926996805,5996.218770975247,90.77215602155775
sum_of_per_request_e2e_ms_with_persistence_scenario,dialog,visdial:388816,Prefix25,0.25,hidden,2,False,True,True,842.2620190540329,1095.6382579170167,-253.37623886298388,3175.087993964553,5699.2450000252575,-2524.1570060607046
sum_of_per_request_e2e_ms_with_persistence_scenario,dialog,visdial:388816,Prefix25,0.25,worst,6,False,True,False,1932.341584120877,1095.6382579170167,836.7033262038603,4265.167559031397,5699.2450000252575,-1434.0774409938604
sum_of_per_request_e2e_ms_with_persistence_scenario,dialog,visdial:388816,Prefix45,0.45,hidden,2,False,True,True,975.9381880285218,1095.6382579170167,-119.70006988849491,4324.262754293159,5699.2450000252575,-1374.9822457320988
sum_of_per_request_e2e_ms_with_persistence_scenario,dialog,visdial:388816,Prefix45,0.45,worst,9,False,True,False,2066.017753095366,1095.6382579170167,970.3794951783493,5414.342319360003,5699.2450000252575,-284.9026806652546
sum_of_per_request_e2e_ms_with_persistence_scenario,dialog,visdial:413216,Prefix25,0.25,hidden,2,False,True,True,955.6513609131798,1213.9296240638942,-258.27826315071434,4195.215341169387,6478.32609701436,-2283.110755844973
sum_of_per_request_e2e_ms_with_persistence_scenario,dialog,visdial:413216,Prefix25,0.25,worst,6,False,True,False,2038.1354360142723,1213.9296240638942,824.2058119503781,5277.69941627048,6478.32609701436,-1200.6266807438806
sum_of_per_request_e2e_ms_with_persistence_scenario,dialog,visdial:413216,Prefix45,0.45,hidden,2,False,True,True,1073.3798230066895,1213.9296240638942,-140.5498010572046,5290.598451858386,6478.32609701436,-1187.7276451559737
sum_of_per_request_e2e_ms_with_persistence_scenario,dialog,visdial:413216,Prefix45,0.45,worst,10,False,True,False,2155.863898107782,1213.9296240638942,941.9342740438879,6373.082526959479,6478.32609701436,-105.24357005488127
sum_of_per_request_e2e_ms_with_persistence_scenario,dialog,visdial:413417,Prefix25,0.25,hidden,2,False,True,True,772.5715771084651,1029.188003973104,-256.6164268646389,3639.9529851041734,5597.8228389285505,-1957.869853824377
sum_of_per_request_e2e_ms_with_persistence_scenario,dialog,visdial:413417,Prefix25,0.25,worst,7,False,True,False,1698.6756200203672,1029.188003973104,669.4876160472631,4566.0570280160755,5597.8228389285505,-1031.765810912475
sum_of_per_request_e2e_ms_with_persistence_scenario,dialog,visdial:413417,Prefix45,0.45,hidden,2,False,True,True,919.6626109769568,1029.188003973104,-109.52539299614727,4920.135822962038,5597.8228389285505,-677.6870159665123
sum_of_per_request_e2e_ms_with_persistence_scenario,dialog,visdial:413417,Prefix45,0.45,worst,,True,,False,1845.7666538888589,1029.188003973104,816.5786499157548,5846.23986587394,5597.8228389285505,248.4170269453898
sum_of_per_request_e2e_ms_with_persistence_scenario,dialog,visdial:414026,Prefix25,0.25,hidden,2,False,True,True,848.6710629658774,1108.408694039099,-259.73763107322156,3188.7366079026833,5558.341677067801,-2369.605069165118
sum_of_per_request_e2e_ms_with_persistence_scenario,dialog,visdial:414026,Prefix25,0.25,worst,5,False,True,False,1749.002103926614,1108.408694039099,640.593409887515,4089.06764886342,5558.341677067801,-1469.2740282043815
sum_of_per_request_e2e_ms_with_persistence_scenario,dialog,visdial:414026,Prefix45,0.45,hidden,2,False,True,True,1001.6318189445883,1108.408694039099,-106.77687509451061,4424.304643878713,5558.341677067801,-1134.037033189088
sum_of_per_request_e2e_ms_with_persistence_scenario,dialog,visdial:414026,Prefix45,0.45,worst,9,False,True,False,1901.9628599053249,1108.408694039099,793.554165866226,5324.63568483945,5558.341677067801,-233.70599222835153
sum_of_per_request_e2e_ms_with_persistence_scenario,dialog,visdial:416028,Prefix25,0.25,hidden,2,False,True,True,952.2151170531288,1212.386181927286,-260.1710648741573,3696.763032115996,5874.99201099854,-2178.2289788825437
sum_of_per_request_e2e_ms_with_persistence_scenario,dialog,visdial:416028,Prefix25,0.25,worst,6,False,True,False,1930.808154051192,1212.386181927286,718.421972123906,4675.356069114059,5874.99201099854,-1199.6359418844804
sum_of_per_request_e2e_ms_with_persistence_scenario,dialog,visdial:416028,Prefix45,0.45,hidden,2,False,True,True,1111.4937999518588,1212.386181927286,-100.89238197542727,5116.502104094252,5874.99201099854,-758.4899069042876
sum_of_per_request_e2e_ms_with_persistence_scenario,dialog,visdial:416028,Prefix45,0.45,worst,,True,,False,2090.086836949922,1212.386181927286,877.700655022636,6095.095141092315,5874.99201099854,220.1031300937757
sum_of_per_request_e2e_ms_with_persistence_scenario,dialog,visdial:417322,Prefix25,0.25,hidden,2,False,True,True,847.997285076417,1114.051383920014,-266.0540988435969,3679.15941006504,5640.5485779978335,-1961.3891679327935
sum_of_per_request_e2e_ms_with_persistence_scenario,dialog,visdial:417322,Prefix25,0.25,worst,6,False,True,False,1790.0297590531409,1114.051383920014,675.978375133127,4621.191884041764,5640.5485779978335,-1019.3566939560696
sum_of_per_request_e2e_ms_with_persistence_scenario,dialog,visdial:417322,Prefix45,0.45,hidden,2,False,True,True,1026.2245089979842,1114.051383920014,-87.82687492202967,4657.297910074703,5640.5485779978335,-983.2506679231301
sum_of_per_request_e2e_ms_with_persistence_scenario,dialog,visdial:417322,Prefix45,0.45,worst,10,False,True,False,1968.256982974708,1114.051383920014,854.2055990546942,5599.330384051427,5640.5485779978335,-41.218193946406245
sum_of_per_request_e2e_ms_with_persistence_scenario,dialog,visdial:431325,Prefix25,0.25,hidden,2,False,True,True,831.7475828807801,1165.1019880082458,-333.3544051274657,3473.4619269147515,6032.794716884382,-2559.3327899696305
sum_of_per_request_e2e_ms_with_persistence_scenario,dialog,visdial:431325,Prefix25,0.25,worst,5,False,True,False,1805.3302919724956,1165.1019880082458,640.2283039642498,4447.044636006467,6032.794716884382,-1585.750080877915
sum_of_per_request_e2e_ms_with_persistence_scenario,dialog,visdial:431325,Prefix45,0.45,hidden,2,False,True,True,1034.884841996245,1165.1019880082458,-130.21714601200074,4777.668540249579,6032.794716884382,-1255.1261766348034
sum_of_per_request_e2e_ms_with_persistence_scenario,dialog,visdial:431325,Prefix45,0.45,worst,9,False,True,False,2008.4675510879606,1165.1019880082458,843.3655630797148,5751.251249341294,6032.794716884382,-281.5434675430879
sum_of_per_request_e2e_ms_with_persistence_scenario,dialog,visdial:43416,Prefix25,0.25,hidden,2,False,True,True,856.5156940603629,1166.7794770328328,-310.2637829724699,3472.585391253233,5783.7001628940925,-2311.1147716408595
sum_of_per_request_e2e_ms_with_persistence_scenario,dialog,visdial:43416,Prefix25,0.25,worst,5,False,True,False,1811.3798630656675,1166.7794770328328,644.6003860328346,4427.4495602585375,5783.7001628940925,-1356.250602635555
sum_of_per_request_e2e_ms_with_persistence_scenario,dialog,visdial:43416,Prefix45,0.45,hidden,2,False,True,True,942.0551309594885,1166.7794770328328,-224.72434607334435,4612.075576093048,5783.7001628940925,-1171.6245868010446
sum_of_per_request_e2e_ms_with_persistence_scenario,dialog,visdial:43416,Prefix45,0.45,worst,8,False,True,False,1896.919299964793,1166.7794770328328,730.1398229319602,5566.939745098352,5783.7001628940925,-216.76041779574007
sum_of_per_request_e2e_ms_with_persistence_scenario,dialog,visdial:442053,Prefix25,0.25,hidden,2,False,True,True,913.824868039228,1152.6903420453891,-238.8654740061611,3490.235166042112,5792.301276116632,-2302.06611007452
sum_of_per_request_e2e_ms_with_persistence_scenario,dialog,visdial:442053,Prefix25,0.25,worst,5,False,True,False,1873.7145881168544,1152.6903420453891,721.0242460714653,4450.124886119738,5792.301276116632,-1342.1763899968937
sum_of_per_request_e2e_ms_with_persistence_scenario,dialog,visdial:442053,Prefix45,0.45,hidden,2,False,True,True,1049.8277399456128,1152.6903420453891,-102.86260209977627,4826.211647014134,5792.301276116632,-966.0896291024983
sum_of_per_request_e2e_ms_with_persistence_scenario,dialog,visdial:442053,Prefix45,0.45,worst,10,False,True,False,2009.7174600232393,1152.6903420453891,857.0271179778501,5786.10136709176,5792.301276116632,-6.199909024871886
sum_of_per_request_e2e_ms_with_persistence_scenario,dialog,visdial:447518,Prefix25,0.25,hidden,2,False,True,True,797.5675719790161,1044.753664988093,-247.186093009077,3167.5443400163203,5420.723014045507,-2253.1786740291864
sum_of_per_request_e2e_ms_with_persistence_scenario,dialog,visdial:447518,Prefix25,0.25,worst,5,False,True,False,1764.8109588772058,1044.753664988093,720.0572938891128,4134.78772691451,5420.723014045507,-1285.9352871309966
sum_of_per_request_e2e_ms_with_persistence_scenario,dialog,visdial:447518,Prefix45,0.45,hidden,2,False,True,True,947.3076689755544,1044.753664988093,-97.44599601253867,4297.467901953496,5420.723014045507,-1123.2551120920107
sum_of_per_request_e2e_ms_with_persistence_scenario,dialog,visdial:447518,Prefix45,0.45,worst,9,False,True,False,1914.5510558737442,1044.753664988093,869.7973908856511,5264.711288851686,5420.723014045507,-156.0117251938209
sum_of_per_request_e2e_ms_with_persistence_scenario,dialog,visdial:458783,Prefix25,0.25,hidden,2,False,True,True,963.9339030254632,1272.958992049098,-309.0250890236348,4163.440739153884,6425.309777841903,-2261.869038688019
sum_of_per_request_e2e_ms_with_persistence_scenario,dialog,visdial:458783,Prefix25,0.25,worst,6,False,True,False,1870.2780110761523,1272.958992049098,597.3190190270543,5069.784847204573,6425.309777841903,-1355.5249306373298
sum_of_per_request_e2e_ms_with_persistence_scenario,dialog,visdial:458783,Prefix45,0.45,hidden,2,False,False,True,1159.9318051012233,1272.958992049098,-113.02718694787472,5570.640048012137,6425.309777841903,-854.6697298297659
sum_of_per_request_e2e_ms_with_persistence_scenario,dialog,visdial:458783,Prefix45,0.45,worst,,True,,False,2066.2759131519124,1272.958992049098,793.3169211028144,6476.9841560628265,6425.309777841903,51.674378220923245
sum_of_per_request_e2e_ms_with_persistence_scenario,dialog,visdial:465837,Prefix25,0.25,hidden,2,False,True,True,726.0296849999577,891.2363538984209,-165.20666889846325,3048.867035889998,4906.17004095111,-1857.3030050611123
sum_of_per_request_e2e_ms_with_persistence_scenario,dialog,visdial:465837,Prefix25,0.25,worst,6,False,True,False,1498.267523944378,891.2363538984209,607.031170045957,3821.1048748344183,4906.17004095111,-1085.0651661166921
sum_of_per_request_e2e_ms_with_persistence_scenario,dialog,visdial:465837,Prefix45,0.45,hidden,2,False,True,True,841.6343021672219,891.2363538984209,-49.602051731199026,3965.867721126415,4906.17004095111,-940.3023198246956
sum_of_per_request_e2e_ms_with_persistence_scenario,dialog,visdial:465837,Prefix45,0.45,worst,9,False,True,False,1613.8721411116421,891.2363538984209,722.6357872132212,4738.105560070835,4906.17004095111,-168.06448088027537
sum_of_per_request_e2e_ms_with_persistence_scenario,dialog,visdial:466148,Prefix25,0.25,hidden,2,False,True,True,707.0697939489037,874.0065980236977,-166.93680407479405,3147.0558379078284,4701.109402230941,-1554.0535643231124
sum_of_per_request_e2e_ms_with_persistence_scenario,dialog,visdial:466148,Prefix25,0.25,worst,8,False,True,False,1728.9095228770748,874.0065980236977,854.902924853377,4168.8955668359995,4701.109402230941,-532.2138353949413
sum_of_per_request_e2e_ms_with_persistence_scenario,dialog,visdial:466148,Prefix45,0.45,hidden,2,False,False,True,813.1857140688226,874.0065980236977,-60.82088395487517,3931.2895828625187,4701.109402230941,-769.819819368422
sum_of_per_request_e2e_ms_with_persistence_scenario,dialog,visdial:466148,Prefix45,0.45,worst,,True,,False,1835.0254429969937,874.0065980236977,961.0188449732959,4953.12931179069,4701.109402230941,252.01990955974907
sum_of_per_request_e2e_ms_with_persistence_scenario,dialog,visdial:466354,Prefix25,0.25,hidden,2,False,True,True,608.0574789084494,722.23981609568,-114.18233718723059,2553.857247927226,3490.3822119813412,-936.5249640541151
sum_of_per_request_e2e_ms_with_persistence_scenario,dialog,visdial:466354,Prefix25,0.25,worst,7,False,True,False,1224.2153049446642,722.23981609568,501.97548884898424,3170.015073963441,3490.3822119813412,-320.3671380179003
sum_of_per_request_e2e_ms_with_persistence_scenario,dialog,visdial:466354,Prefix45,0.45,hidden,2,False,True,True,710.7943039154634,722.23981609568,-11.44551218021661,3300.1610478386283,3490.3822119813412,-190.22116414271295
sum_of_per_request_e2e_ms_with_persistence_scenario,dialog,visdial:466354,Prefix45,0.45,worst,,True,,False,1326.9521299516782,722.23981609568,604.7123138559982,3916.318873874843,3490.3822119813412,425.9366618935019
sum_of_per_request_e2e_ms_with_persistence_scenario,dialog,visdial:46673,Prefix25,0.25,hidden,2,False,True,True,896.0391610162333,1153.9207230089232,-257.88156199268997,3546.8084110179916,5783.608793048188,-2236.8003820301965
sum_of_per_request_e2e_ms_with_persistence_scenario,dialog,visdial:46673,Prefix25,0.25,worst,6,False,True,False,2019.8430999880657,1153.9207230089232,865.9223769791424,4670.612349989824,5783.608793048188,-1112.996443058364
sum_of_per_request_e2e_ms_with_persistence_scenario,dialog,visdial:46673,Prefix45,0.45,hidden,2,False,True,True,1070.9051070734859,1153.9207230089232,-83.01561593543738,5015.724568045698,5783.608793048188,-767.88422500249
sum_of_per_request_e2e_ms_with_persistence_scenario,dialog,visdial:46673,Prefix45,0.45,worst,,True,,False,2194.7090460453182,1153.9207230089232,1040.788323036395,6139.5285070175305,5783.608793048188,355.9197139693424
sum_of_per_request_e2e_ms_with_persistence_scenario,dialog,visdial:473586,Prefix25,0.25,hidden,2,False,True,True,950.5511341849342,1199.5033079292625,-248.95217374432832,4089.304838445969,6113.456045975909,-2024.1512075299397
sum_of_per_request_e2e_ms_with_persistence_scenario,dialog,visdial:473586,Prefix25,0.25,worst,6,False,True,False,1960.606038221158,1199.5033079292625,761.1027302918956,5099.359742482193,6113.456045975909,-1014.0963034937158
sum_of_per_request_e2e_ms_with_persistence_scenario,dialog,visdial:473586,Prefix45,0.45,hidden,2,False,True,True,1104.7108730999753,1199.5033079292625,-94.79243482928723,5240.789664210752,6113.456045975909,-872.666381765157
sum_of_per_request_e2e_ms_with_persistence_scenario,dialog,visdial:473586,Prefix45,0.45,worst,,True,,False,2114.765777136199,1199.5033079292625,915.2624692069367,6250.8445682469755,6113.456045975909,137.3885222710669
sum_of_per_request_e2e_ms_with_persistence_scenario,dialog,visdial:475748,Prefix25,0.25,hidden,2,False,True,True,817.1104380162433,1054.293806082569,-237.18336806632578,3140.3227708069608,5423.16764802672,-2282.844877219759
sum_of_per_request_e2e_ms_with_persistence_scenario,dialog,visdial:475748,Prefix25,0.25,worst,5,False,True,False,1685.7709271134809,1054.293806082569,631.4771210309118,4008.9832599041983,5423.16764802672,-1414.1843881225213
sum_of_per_request_e2e_ms_with_persistence_scenario,dialog,visdial:475748,Prefix45,0.45,hidden,2,False,True,True,961.6574179381132,1054.293806082569,-92.63638814445585,4267.332170973532,5423.16764802672,-1155.8354770531878
sum_of_per_request_e2e_ms_with_persistence_scenario,dialog,visdial:475748,Prefix45,0.45,worst,9,False,True,False,1830.3179070353508,1054.293806082569,776.0241009527817,5135.9926600707695,5423.16764802672,-287.1749879559502
sum_of_per_request_e2e_ms_with_persistence_scenario,dialog,visdial:482512,Prefix25,0.25,hidden,2,False,True,True,798.8963009556755,1034.5383459934965,-235.64204503782094,3758.895367849618,5694.616392953321,-1935.7210251037031
sum_of_per_request_e2e_ms_with_persistence_scenario,dialog,visdial:482512,Prefix25,0.25,worst,7,False,True,False,1940.1277879951522,1034.5383459934965,905.5894420016557,4900.126854889095,5694.616392953321,-794.4895380642265
sum_of_per_request_e2e_ms_with_persistence_scenario,dialog,visdial:482512,Prefix45,0.45,hidden,2,False,True,True,907.8720200341195,1034.5383459934965,-126.66632595937699,4904.220165335573,5694.616392953321,-790.3962276177481
sum_of_per_request_e2e_ms_with_persistence_scenario,dialog,visdial:482512,Prefix45,0.45,worst,,True,,False,2049.103507073596,1034.5383459934965,1014.5651610800996,6045.45165237505,5694.616392953321,350.83525942172855
sum_of_per_request_e2e_ms_with_persistence_scenario,dialog,visdial:485718,Prefix25,0.25,hidden,2,False,True,True,800.8152389666066,1058.7738970061764,-257.95865803956985,3153.4283180953935,5482.681997935288,-2329.253679839894
sum_of_per_request_e2e_ms_with_persistence_scenario,dialog,visdial:485718,Prefix25,0.25,worst,5,False,True,False,1709.9838259164244,1058.7738970061764,651.209928910248,4062.5969050452113,5482.681997935288,-1420.0850928900763
sum_of_per_request_e2e_ms_with_persistence_scenario,dialog,visdial:485718,Prefix45,0.45,hidden,2,False,True,True,850.752545055002,1058.7738970061764,-208.02135195117444,4150.914475903846,5482.681997935288,-1331.7675220314413
sum_of_per_request_e2e_ms_with_persistence_scenario,dialog,visdial:485718,Prefix45,0.45,worst,8,False,True,False,1759.9211320048198,1058.7738970061764,701.1472349986434,5060.083062853664,5482.681997935288,-422.5989350816235
sum_of_per_request_e2e_ms_with_persistence_scenario,dialog,visdial:486531,Prefix25,0.25,hidden,2,False,True,True,799.0287860156968,1031.0176870552823,-231.98890103958547,3343.7688729027286,5352.74069395382,-2008.971821051091
sum_of_per_request_e2e_ms_with_persistence_scenario,dialog,visdial:486531,Prefix25,0.25,worst,6,False,True,False,1899.8604100197554,1031.0176870552823,868.8427229644731,4444.600496906787,5352.74069395382,-908.1401970470324
sum_of_per_request_e2e_ms_with_persistence_scenario,dialog,visdial:486531,Prefix45,0.45,hidden,2,False,True,True,940.585752017796,1031.0176870552823,-90.43193503748626,4442.29217316024,5352.74069395382,-910.4485207935795
sum_of_per_request_e2e_ms_with_persistence_scenario,dialog,visdial:486531,Prefix45,0.45,worst,,True,,False,2041.4173760218546,1031.0176870552823,1010.3996889665723,5543.123797164299,5352.74069395382,190.38310321047902
sum_of_per_request_e2e_ms_with_persistence_scenario,dialog,visdial:487201,Prefix25,0.25,hidden,2,False,True,True,838.0695700179785,1162.2632989892736,-324.19372897129506,3597.6463839178905,5991.130805108696,-2393.4844211908057
sum_of_per_request_e2e_ms_with_persistence_scenario,dialog,visdial:487201,Prefix25,0.25,worst,5,False,True,False,1865.947230020538,1162.2632989892736,703.6839310312644,4625.52404392045,5991.130805108696,-1365.6067611882463
sum_of_per_request_e2e_ms_with_persistence_scenario,dialog,visdial:487201,Prefix45,0.45,hidden,2,False,True,True,1028.211021097377,1162.2632989892736,-134.05227789189667,4969.840256031603,5991.130805108696,-1021.2905490770936
sum_of_per_request_e2e_ms_with_persistence_scenario,dialog,visdial:487201,Prefix45,0.45,worst,,True,,False,2056.0886810999364,1162.2632989892736,893.8253821106628,5997.717916034162,5991.130805108696,6.587110925465822
sum_of_per_request_e2e_ms_with_persistence_scenario,dialog,visdial:492620,Prefix25,0.25,hidden,2,False,True,True,789.6146710263565,1124.7761419508606,-335.1614709245041,3131.8941609933972,5727.521858876571,-2595.627697883174
sum_of_per_request_e2e_ms_with_persistence_scenario,dialog,visdial:492620,Prefix25,0.25,worst,5,False,True,False,1685.5773139977828,1124.7761419508606,560.8011720469221,4027.8568039648235,5727.521858876571,-1699.6650549117476
sum_of_per_request_e2e_ms_with_persistence_scenario,dialog,visdial:492620,Prefix45,0.45,hidden,2,False,True,True,970.4132379265502,1124.7761419508606,-154.3629040243104,4391.3894968573,5727.521858876571,-1336.1323620192707
sum_of_per_request_e2e_ms_with_persistence_scenario,dialog,visdial:492620,Prefix45,0.45,worst,8,False,True,False,1866.3758808979765,1124.7761419508606,741.5997389471158,5287.352139828727,5727.521858876571,-440.1697190478444
sum_of_per_request_e2e_ms_with_persistence_scenario,dialog,visdial:505558,Prefix25,0.25,hidden,2,False,True,True,857.3408341035247,1192.1276620123535,-334.78682790882885,3773.5749459825456,6010.7774870703,-2237.202541087754
sum_of_per_request_e2e_ms_with_persistence_scenario,dialog,visdial:505558,Prefix25,0.25,worst,5,False,True,False,1760.0533170625567,1192.1276620123535,567.9256550502032,4676.287428941578,6010.7774870703,-1334.490058128722
sum_of_per_request_e2e_ms_with_persistence_scenario,dialog,visdial:505558,Prefix45,0.45,hidden,2,False,True,True,1008.1926139537245,1192.1276620123535,-183.93504805862904,4741.51862191502,6010.7774870703,-1269.2588651552796
sum_of_per_request_e2e_ms_with_persistence_scenario,dialog,visdial:505558,Prefix45,0.45,worst,8,False,True,False,1910.9050969127566,1192.1276620123535,718.777434900403,5644.231104874052,6010.7774870703,-366.5463821962476
sum_of_per_request_e2e_ms_with_persistence_scenario,dialog,visdial:509296,Prefix25,0.25,hidden,2,False,True,True,787.5415869057178,1145.5431280191988,-358.0015411134809,3665.936179109849,6010.668646194972,-2344.732467085123
sum_of_per_request_e2e_ms_with_persistence_scenario,dialog,visdial:509296,Prefix25,0.25,worst,5,False,True,False,1993.2424798607826,1145.5431280191988,847.6993518415838,4871.637072064914,6010.668646194972,-1139.0315741300583
sum_of_per_request_e2e_ms_with_persistence_scenario,dialog,visdial:509296,Prefix45,0.45,hidden,2,False,True,True,1022.3087180638686,1145.5431280191988,-123.2344099553302,5220.11661704164,6010.668646194972,-790.5520291533321
sum_of_per_request_e2e_ms_with_persistence_scenario,dialog,visdial:509296,Prefix45,0.45,worst,,True,,False,2228.0096110189334,1145.5431280191988,1082.4664829997346,6425.817509996705,6010.668646194972,415.14886380173266
sum_of_per_request_e2e_ms_with_persistence_scenario,dialog,visdial:511888,Prefix25,0.25,hidden,2,False,True,True,825.3564729820937,1129.3729960452765,-304.01652306318283,3427.7045861817896,5952.147291041911,-2524.442704860121
sum_of_per_request_e2e_ms_with_persistence_scenario,dialog,visdial:511888,Prefix25,0.25,worst,5,False,True,False,1766.0603990079835,1129.3729960452765,636.687402962707,4368.408512207679,5952.147291041911,-1583.7387788342312
sum_of_per_request_e2e_ms_with_persistence_scenario,dialog,visdial:511888,Prefix45,0.45,hidden,2,False,True,True,998.4671688871458,1129.3729960452765,-130.9058271581307,4863.85091394186,5952.147291041911,-1088.2963771000504
sum_of_per_request_e2e_ms_with_persistence_scenario,dialog,visdial:511888,Prefix45,0.45,worst,9,False,True,False,1939.1710949130356,1129.3729960452765,809.7980988677591,5804.55483996775,5952.147291041911,-147.59245107416064
sum_of_per_request_e2e_ms_with_persistence_scenario,dialog,visdial:513467,Prefix25,0.25,hidden,2,False,True,True,907.1936320979148,1197.1357860602438,-289.94215396232903,3501.2785913422704,5879.954619100317,-2378.676027758047
sum_of_per_request_e2e_ms_with_persistence_scenario,dialog,visdial:513467,Prefix25,0.25,worst,5,False,True,False,1901.3631450943649,1197.1357860602438,704.227359034121,4495.44810433872,5879.954619100317,-1384.506514761597
sum_of_per_request_e2e_ms_with_persistence_scenario,dialog,visdial:513467,Prefix45,0.45,hidden,2,False,True,True,1055.2269970066845,1197.1357860602438,-141.9087890535593,4811.3492000848055,5879.954619100317,-1068.6054190155119
sum_of_per_request_e2e_ms_with_persistence_scenario,dialog,visdial:513467,Prefix45,0.45,worst,10,False,True,False,2049.3965100031346,1197.1357860602438,852.2607239428908,5805.518713081256,5879.954619100317,-74.4359060190618
sum_of_per_request_e2e_ms_with_persistence_scenario,dialog,visdial:517134,Prefix25,0.25,hidden,2,False,True,True,859.5859900815412,1124.6728589758277,-265.08686889428645,3931.515427189879,6133.340199943632,-2201.8247727537528
sum_of_per_request_e2e_ms_with_persistence_scenario,dialog,visdial:517134,Prefix25,0.25,worst,5,False,True,False,1839.1553290421143,1124.6728589758277,714.4824700662866,4911.084766150452,6133.340199943632,-1222.2554337931797
sum_of_per_request_e2e_ms_with_persistence_scenario,dialog,visdial:517134,Prefix45,0.45,hidden,2,False,True,True,990.1863450650126,1124.6728589758277,-134.48651391081512,5517.920162063092,6133.340199943632,-615.4200378805399
sum_of_per_request_e2e_ms_with_persistence_scenario,dialog,visdial:517134,Prefix45,0.45,worst,,True,,False,1969.7556840255857,1124.6728589758277,845.082825049758,6497.489501023665,6133.340199943632,364.1493010800332
sum_of_per_request_e2e_ms_with_persistence_scenario,dialog,visdial:521039,Prefix25,0.25,hidden,2,False,True,True,806.6243270877749,1115.954031003639,-309.32970391586423,3398.6941321054474,5820.392861030996,-2421.6987289255485
sum_of_per_request_e2e_ms_with_persistence_scenario,dialog,visdial:521039,Prefix25,0.25,worst,5,False,True,False,1720.2695389278233,1115.954031003639,604.3155079241842,4312.339343945496,5820.392861030996,-1508.0535170855
sum_of_per_request_e2e_ms_with_persistence_scenario,dialog,visdial:521039,Prefix45,0.45,hidden,2,False,True,True,975.3013870213181,1115.954031003639,-140.65264398232102,4898.193339002319,5820.392861030996,-922.1995220286772
sum_of_per_request_e2e_ms_with_persistence_scenario,dialog,visdial:521039,Prefix45,0.45,worst,10,False,True,False,1888.9465988613665,1115.954031003639,772.9925678577274,5811.838550842367,5820.392861030996,-8.554310188628733
sum_of_per_request_e2e_ms_with_persistence_scenario,dialog,visdial:52361,Prefix25,0.25,hidden,2,False,True,True,768.0640870239586,1011.2097789533436,-243.14569192938507,3415.5866790097207,5218.064106069505,-1802.4774270597845
sum_of_per_request_e2e_ms_with_persistence_scenario,dialog,visdial:52361,Prefix25,0.25,worst,5,False,True,False,1606.0154810547829,1011.2097789533436,594.8057021014392,4253.538073040545,5218.064106069505,-964.5260330289602
sum_of_per_request_e2e_ms_with_persistence_scenario,dialog,visdial:52361,Prefix45,0.45,hidden,2,False,True,True,877.9265689663589,1011.2097789533436,-133.28320998698473,4258.649252005853,5218.064106069505,-959.4148540636525
sum_of_per_request_e2e_ms_with_persistence_scenario,dialog,visdial:52361,Prefix45,0.45,worst,9,False,True,False,1715.8779629971832,1011.2097789533436,704.6681840438396,5096.600646036677,5218.064106069505,-121.46346003282815
sum_of_per_request_e2e_ms_with_persistence_scenario,dialog,visdial:525402,Prefix25,0.25,hidden,2,False,True,True,840.7033788971603,1130.4144938476384,-289.7111149504781,3805.4618808673695,5842.126838746481,-2036.6649578791112
sum_of_per_request_e2e_ms_with_persistence_scenario,dialog,visdial:525402,Prefix25,0.25,worst,5,False,True,False,1759.390691993758,1130.4144938476384,628.9761981461197,4724.149193963967,5842.126838746481,-1117.9776447825134
sum_of_per_request_e2e_ms_with_persistence_scenario,dialog,visdial:525402,Prefix45,0.45,hidden,2,False,True,True,1003.9842720143497,1130.4144938476384,-126.43022183328867,4848.4193328768015,5842.126838746481,-993.7075058696792
sum_of_per_request_e2e_ms_with_persistence_scenario,dialog,visdial:525402,Prefix45,0.45,worst,9,False,True,False,1922.6715851109475,1130.4144938476384,792.2570912633091,5767.106645973399,5842.126838746481,-75.02019277308136
sum_of_per_request_e2e_ms_with_persistence_scenario,dialog,visdial:528791,Prefix25,0.25,hidden,2,False,True,True,855.9270108817145,1177.678435924463,-321.75142504274845,3760.9599569113925,6017.743833945133,-2256.7838770337403
sum_of_per_request_e2e_ms_with_persistence_scenario,dialog,visdial:528791,Prefix25,0.25,worst,5,False,True,False,1977.4157379288226,1177.678435924463,799.7373020043597,4882.448683958501,6017.743833945133,-1135.2951499866322
sum_of_per_request_e2e_ms_with_persistence_scenario,dialog,visdial:528791,Prefix45,0.45,hidden,2,False,True,True,970.3925390494987,1177.678435924463,-207.28589687496424,5311.188107938506,6017.743833945133,-706.5557260066271
sum_of_per_request_e2e_ms_with_persistence_scenario,dialog,visdial:528791,Prefix45,0.45,worst,,True,,False,2091.881266096607,1177.678435924463,914.2028301721439,6432.676834985614,6017.743833945133,414.93300104048103
sum_of_per_request_e2e_ms_with_persistence_scenario,dialog,visdial:53901,Prefix25,0.25,hidden,2,False,True,True,886.5113198990002,1165.521658025682,-279.01033812668175,3848.796860780567,5972.353418008424,-2123.5565572278574
sum_of_per_request_e2e_ms_with_persistence_scenario,dialog,visdial:53901,Prefix25,0.25,worst,5,False,True,False,1869.3767938530073,1165.521658025682,703.8551358273253,4831.662334734574,5972.353418008424,-1140.6910832738504
sum_of_per_request_e2e_ms_with_persistence_scenario,dialog,visdial:53901,Prefix45,0.45,hidden,2,False,True,True,1064.5860719960183,1165.521658025682,-100.93558602966368,5167.741470970213,5972.353418008424,-804.6119470382109
sum_of_per_request_e2e_ms_with_persistence_scenario,dialog,visdial:53901,Prefix45,0.45,worst,,True,,False,2047.4515459500253,1165.521658025682,881.9298879243433,6150.60694492422,5972.353418008424,178.2535269157961
sum_of_per_request_e2e_ms_with_persistence_scenario,dialog,visdial:545142,Prefix25,0.25,hidden,2,False,True,True,876.1841800296679,1062.4720100313425,-186.2878300016746,3225.5674358457327,5344.464372959919,-2118.8969371141866
sum_of_per_request_e2e_ms_with_persistence_scenario,dialog,visdial:545142,Prefix25,0.25,worst,7,False,True,False,2020.0433760182932,1062.4720100313425,957.5713659869507,4369.426631834358,5344.464372959919,-975.0377411255613
sum_of_per_request_e2e_ms_with_persistence_scenario,dialog,visdial:545142,Prefix45,0.45,hidden,2,False,True,True,971.8799829715863,1062.4720100313425,-90.59202705975622,4273.0849218787625,5344.464372959919,-1071.3794510811567
sum_of_per_request_e2e_ms_with_persistence_scenario,dialog,visdial:545142,Prefix45,0.45,worst,,True,,False,2115.7391789602116,1062.4720100313425,1053.267168928869,5416.944117867388,5344.464372959919,72.47974490746856
sum_of_per_request_e2e_ms_with_persistence_scenario,dialog,visdial:549046,Prefix25,0.25,hidden,2,False,True,True,868.0862609762698,1152.6345410384238,-284.54828006215394,3724.117746925913,6061.427300097421,-2337.309553171508
sum_of_per_request_e2e_ms_with_persistence_scenario,dialog,visdial:549046,Prefix25,0.25,worst,5,False,True,False,1853.341739042662,1152.6345410384238,700.7071980042383,4709.373224992305,6061.427300097421,-1352.0540751051158
sum_of_per_request_e2e_ms_with_persistence_scenario,dialog,visdial:549046,Prefix45,0.45,hidden,2,False,True,True,991.7774188797921,1152.6345410384238,-160.85712215863168,5330.296805594116,6061.427300097421,-731.1304945033044
sum_of_per_request_e2e_ms_with_persistence_scenario,dialog,visdial:549046,Prefix45,0.45,worst,,True,,False,1977.0328969461843,1152.6345410384238,824.3983559077606,6315.552283660509,6061.427300097421,254.12498356308788
sum_of_per_request_e2e_ms_with_persistence_scenario,dialog,visdial:558901,Prefix25,0.25,hidden,2,False,True,True,864.8646658984944,1170.8826048998162,-306.0179390013218,3177.8146559372544,5808.26028867159,-2630.445632734336
sum_of_per_request_e2e_ms_with_persistence_scenario,dialog,visdial:558901,Prefix25,0.25,worst,5,False,True,False,1780.823657871224,1170.8826048998162,609.9410529714078,4093.773647909984,5808.26028867159,-1714.4866407616064
sum_of_per_request_e2e_ms_with_persistence_scenario,dialog,visdial:558901,Prefix45,0.45,hidden,2,False,True,True,1024.4453749619424,1170.8826048998162,-146.43722993787378,4569.897742941976,5808.26028867159,-1238.3625457296148
sum_of_per_request_e2e_ms_with_persistence_scenario,dialog,visdial:558901,Prefix45,0.45,worst,8,False,True,False,1940.404366934672,1170.8826048998162,769.5217620348558,5485.856734914705,5808.26028867159,-322.40355375688523
sum_of_per_request_e2e_ms_with_persistence_scenario,dialog,visdial:56454,Prefix25,0.25,hidden,2,False,True,True,774.1221329197288,1011.1766499467194,-237.05451702699065,3048.0140689760447,5371.155366185121,-2323.1412972090766
sum_of_per_request_e2e_ms_with_persistence_scenario,dialog,visdial:56454,Prefix25,0.25,worst,6,False,True,False,1895.0650967890397,1011.1766499467194,883.8884468423203,4168.957032845356,5371.155366185121,-1202.1983333397657
sum_of_per_request_e2e_ms_with_persistence_scenario,dialog,visdial:56454,Prefix45,0.45,hidden,2,False,True,True,931.6333628958091,1011.1766499467194,-79.5432870509103,4240.675474982709,5371.155366185121,-1130.4798912024125
sum_of_per_request_e2e_ms_with_persistence_scenario,dialog,visdial:56454,Prefix45,0.45,worst,10,False,True,False,2052.57632676512,1011.1766499467194,1041.3996768184006,5361.61843885202,5371.155366185121,-9.53692733310163
sum_of_per_request_e2e_ms_with_persistence_scenario,dialog,visdial:565316,Prefix25,0.25,hidden,2,False,True,True,825.9740038774908,1126.989935990423,-301.0159321129322,3306.3175837742165,6007.2894470067695,-2700.971863232553
sum_of_per_request_e2e_ms_with_persistence_scenario,dialog,visdial:565316,Prefix25,0.25,worst,4,False,True,False,1717.5291669555008,1126.989935990423,590.5392309650779,4197.872746852227,6007.2894470067695,-1809.416700154543
sum_of_per_request_e2e_ms_with_persistence_scenario,dialog,visdial:565316,Prefix45,0.45,hidden,2,False,True,True,999.6910829795524,1126.989935990423,-127.29885301087052,4778.390040039085,6007.2894470067695,-1228.8994069676846
sum_of_per_request_e2e_ms_with_persistence_scenario,dialog,visdial:565316,Prefix45,0.45,worst,8,False,True,False,1891.2462460575625,1126.989935990423,764.2563100671396,5669.945203117095,6007.2894470067695,-337.34424388967454
sum_of_per_request_e2e_ms_with_persistence_scenario,dialog,visdial:567353,Prefix25,0.25,hidden,2,False,True,True,868.4941190294921,1115.7776069594547,-247.28348792996258,3785.2217549225315,6025.585560943,-2240.3638060204685
sum_of_per_request_e2e_ms_with_persistence_scenario,dialog,visdial:567353,Prefix25,0.25,worst,5,False,True,False,1755.0318400608376,1115.7776069594547,639.2542331013829,4671.759475953877,6025.585560943,-1353.826084989123
sum_of_per_request_e2e_ms_with_persistence_scenario,dialog,visdial:567353,Prefix45,0.45,hidden,2,False,True,True,939.5308060338721,1115.7776069594547,-176.24680092558265,4600.976780871861,6025.585560943,-1424.6087800711393
sum_of_per_request_e2e_ms_with_persistence_scenario,dialog,visdial:567353,Prefix45,0.45,worst,8,False,True,False,1826.0685270652175,1115.7776069594547,710.2909201057628,5487.514501903206,6025.585560943,-538.0710590397939
sum_of_per_request_e2e_ms_with_persistence_scenario,dialog,visdial:57743,Prefix25,0.25,hidden,2,False,True,True,906.2643350334838,1127.1205040393397,-220.85616900585592,3685.2341981139034,6418.529495014809,-2733.2952969009057
sum_of_per_request_e2e_ms_with_persistence_scenario,dialog,visdial:57743,Prefix25,0.25,worst,5,False,True,False,1835.9367530792952,1127.1205040393397,708.8162490399554,4614.906616159715,6418.529495014809,-1803.6228788550943
sum_of_per_request_e2e_ms_with_persistence_scenario,dialog,visdial:57743,Prefix45,0.45,hidden,2,False,True,True,976.5153200132772,1127.1205040393397,-150.6051840260625,5153.719377238303,6418.529495014809,-1264.8101177765056
sum_of_per_request_e2e_ms_with_persistence_scenario,dialog,visdial:57743,Prefix45,0.45,worst,8,False,True,False,1906.1877380590886,1127.1205040393397,779.0672340197489,6083.391795284115,6418.529495014809,-335.1376997306943
sum_of_per_request_e2e_ms_with_persistence_scenario,dialog,visdial:578816,Prefix25,0.25,hidden,2,False,True,True,841.6223159292713,1068.323218030855,-226.70090210158378,3423.915655934252,5488.899072865024,-2064.9834169307724
sum_of_per_request_e2e_ms_with_persistence_scenario,dialog,visdial:578816,Prefix25,0.25,worst,7,False,True,False,2040.211022947915,1068.323218030855,971.8878049170598,4622.5043629528955,5488.899072865024,-866.3947099121287
sum_of_per_request_e2e_ms_with_persistence_scenario,dialog,visdial:578816,Prefix45,0.45,hidden,2,False,True,True,967.7433200413361,1068.323218030855,-100.57989798951894,4607.945374911651,5488.899072865024,-880.9536979533732
sum_of_per_request_e2e_ms_with_persistence_scenario,dialog,visdial:578816,Prefix45,0.45,worst,,True,,False,2166.3320270599797,1068.323218030855,1098.0088090291247,5806.534081930295,5488.899072865024,317.6350090652704
sum_of_per_request_e2e_ms_with_persistence_scenario,dialog,visdial:580366,Prefix25,0.25,hidden,2,False,True,True,810.6247710529715,1152.227418962866,-341.6026479098946,3722.5463283248246,5885.8930331189185,-2163.346704794094
sum_of_per_request_e2e_ms_with_persistence_scenario,dialog,visdial:580366,Prefix25,0.25,worst,6,False,True,False,1811.9264079723507,1152.227418962866,659.6989890094846,4723.847965244204,5885.8930331189185,-1162.0450678747147
sum_of_per_request_e2e_ms_with_persistence_scenario,dialog,visdial:580366,Prefix45,0.45,hidden,2,False,True,True,948.586346115917,1152.227418962866,-203.6410728469491,4690.807900275104,5885.8930331189185,-1195.0851328438148
sum_of_per_request_e2e_ms_with_persistence_scenario,dialog,visdial:580366,Prefix45,0.45,worst,9,False,True,False,1949.8879830352962,1152.227418962866,797.6605640724301,5692.109537194483,5885.8930331189185,-193.78349592443556
sum_of_per_request_e2e_ms_with_persistence_scenario,dialog,visdial:63987,Prefix25,0.25,hidden,2,False,True,True,737.6399111235514,911.5952020511031,-173.9552909275517,2836.71356306877,4704.218973289244,-1867.505410220474
sum_of_per_request_e2e_ms_with_persistence_scenario,dialog,visdial:63987,Prefix25,0.25,worst,7,False,True,False,1767.9836391471326,911.5952020511031,856.3884370960295,3867.057291092351,4704.218973289244,-837.1616821968928
sum_of_per_request_e2e_ms_with_persistence_scenario,dialog,visdial:63987,Prefix45,0.45,hidden,2,False,True,True,848.1286109890789,911.5952020511031,-63.466591062024236,3774.2949459934607,4704.218973289244,-929.9240272957832
sum_of_per_request_e2e_ms_with_persistence_scenario,dialog,visdial:63987,Prefix45,0.45,worst,,True,,False,1878.47233901266,911.5952020511031,966.877136961557,4804.638674017042,4704.218973289244,100.41970072779804
sum_of_per_request_e2e_ms_with_persistence_scenario,dialog,visdial:65492,Prefix25,0.25,hidden,2,False,True,True,531.4158300170675,641.1611629882827,-109.74533297121525,2333.254297845997,3380.987765151076,-1047.733467305079
sum_of_per_request_e2e_ms_with_persistence_scenario,dialog,visdial:65492,Prefix25,0.25,worst,8,False,True,False,1333.5159779526293,641.1611629882827,692.3548149643466,3135.3544457815588,3380.987765151076,-245.63331936951727
sum_of_per_request_e2e_ms_with_persistence_scenario,dialog,visdial:65492,Prefix45,0.45,hidden,3,False,True,False,646.8138170894235,641.1611629882827,5.652654101140797,3128.317379159853,3380.987765151076,-252.67038599122316
sum_of_per_request_e2e_ms_with_persistence_scenario,dialog,visdial:65492,Prefix45,0.45,worst,,True,,False,1448.9139650249854,641.1611629882827,807.7528020367026,3930.4175270954147,3380.987765151076,549.4297619443387
sum_of_per_request_e2e_ms_with_persistence_scenario,dialog,visdial:65853,Prefix25,0.25,hidden,2,False,True,True,801.6747310757637,1062.1152929961681,-260.44056192040443,3796.7465170659125,5973.212072975002,-2176.4655559090897
sum_of_per_request_e2e_ms_with_persistence_scenario,dialog,visdial:65853,Prefix25,0.25,worst,6,False,True,False,1928.9159420877695,1062.1152929961681,866.8006490916014,4923.987728077918,5973.212072975002,-1049.224344897084
sum_of_per_request_e2e_ms_with_persistence_scenario,dialog,visdial:65853,Prefix45,0.45,hidden,2,False,True,True,924.6257490012795,1062.1152929961681,-137.48954399488866,4833.8213679380715,5973.212072975002,-1139.3907050369307
sum_of_per_request_e2e_ms_with_persistence_scenario,dialog,visdial:65853,Prefix45,0.45,worst,10,False,True,False,2051.8669600132853,1062.1152929961681,989.7516670171171,5961.062578950077,5973.212072975002,-12.149494024924934
sum_of_per_request_e2e_ms_with_persistence_scenario,dialog,visdial:70221,Prefix25,0.25,hidden,2,False,True,True,1062.950519961305,1318.4048219118267,-255.45430195052177,3301.730026025325,5671.183056780137,-2369.453030754812
sum_of_per_request_e2e_ms_with_persistence_scenario,dialog,visdial:70221,Prefix25,0.25,worst,5,False,True,False,1966.906153014861,1318.4048219118267,648.5013311030343,4205.685659078881,5671.183056780137,-1465.497397701256
sum_of_per_request_e2e_ms_with_persistence_scenario,dialog,visdial:70221,Prefix45,0.45,hidden,2,False,True,True,1250.2828350989148,1318.4048219118267,-68.12198681291193,4584.436791134067,5671.183056780137,-1086.7462656460702
sum_of_per_request_e2e_ms_with_persistence_scenario,dialog,visdial:70221,Prefix45,0.45,worst,9,False,True,False,2154.238468152471,1318.4048219118267,835.8336462406442,5488.392424187623,5671.183056780137,-182.79063259251416
sum_of_per_request_e2e_ms_with_persistence_scenario,dialog,visdial:77453,Prefix25,0.25,hidden,2,False,True,True,868.7040728982538,1182.7566380379722,-314.05256513971835,3498.9355840953067,5864.039144711569,-2365.1035606162623
sum_of_per_request_e2e_ms_with_persistence_scenario,dialog,visdial:77453,Prefix25,0.25,worst,5,False,True,False,1771.9085238641128,1182.7566380379722,589.1518858261406,4402.140035061166,5864.039144711569,-1461.8991096504033
sum_of_per_request_e2e_ms_with_persistence_scenario,dialog,visdial:77453,Prefix45,0.45,hidden,2,False,True,True,1021.4075120165944,1182.7566380379722,-161.34912602137774,4817.331314086914,5864.039144711569,-1046.707830624655
sum_of_per_request_e2e_ms_with_persistence_scenario,dialog,visdial:77453,Prefix45,0.45,worst,10,False,True,False,1924.6119629824534,1182.7566380379722,741.8553249444813,5720.535765052773,5864.039144711569,-143.5033796587959
sum_of_per_request_e2e_ms_with_persistence_scenario,dialog,visdial:88394,Prefix25,0.25,hidden,2,False,True,True,794.6171950316057,1039.765272056684,-245.14807702507824,3304.5859989942983,5312.39235913381,-2007.8063601395115
sum_of_per_request_e2e_ms_with_persistence_scenario,dialog,visdial:88394,Prefix25,0.25,worst,6,False,True,False,1807.050365023315,1039.765272056684,767.285092966631,4317.019168986008,5312.39235913381,-995.3731901478022
sum_of_per_request_e2e_ms_with_persistence_scenario,dialog,visdial:88394,Prefix45,0.45,hidden,2,False,True,True,957.3549770284444,1039.765272056684,-82.41029502823949,4437.49156605918,5312.39235913381,-874.9007930746302
sum_of_per_request_e2e_ms_with_persistence_scenario,dialog,visdial:88394,Prefix45,0.45,worst,,True,,False,1969.7881470201537,1039.765272056684,930.0228749634698,5449.924736050889,5312.39235913381,137.5323769170791
sum_of_per_request_e2e_ms_with_persistence_scenario,dialog,visdial:90932,Prefix25,0.25,hidden,2,False,True,True,1211.736925994046,1283.2030180143192,-71.46609202027321,3569.8409386677667,5596.031679888256,-2026.1907412204891
sum_of_per_request_e2e_ms_with_persistence_scenario,dialog,visdial:90932,Prefix25,0.25,worst,6,False,True,False,2154.3425890849903,1283.2030180143192,871.1395710706711,4512.446601758711,5596.031679888256,-1083.5850781295449
sum_of_per_request_e2e_ms_with_persistence_scenario,dialog,visdial:90932,Prefix45,0.45,hidden,2,False,True,True,1149.0983619587496,1283.2030180143192,-134.10465605556965,4567.399396910332,5596.031679888256,-1028.6322829779238
sum_of_per_request_e2e_ms_with_persistence_scenario,dialog,visdial:90932,Prefix45,0.45,worst,10,False,True,False,2091.704025049694,1283.2030180143192,808.5010070353746,5510.005060001276,5596.031679888256,-86.02661988697946
sum_of_per_request_e2e_ms_with_persistence_scenario,dialog,visdial:91001,Prefix25,0.25,hidden,2,False,True,True,874.6905360603705,1121.3720380328596,-246.68150197248906,3264.769471832551,5866.363973822445,-2601.5945019898936
sum_of_per_request_e2e_ms_with_persistence_scenario,dialog,visdial:91001,Prefix25,0.25,worst,5,False,True,False,1768.5577012598515,1121.3720380328596,647.1856632269919,4158.636637032032,5866.363973822445,-1707.7273367904127
sum_of_per_request_e2e_ms_with_persistence_scenario,dialog,visdial:91001,Prefix45,0.45,hidden,2,False,True,True,1045.1339130522683,1121.3720380328596,-76.23812498059124,4773.201987030916,5866.363973822445,-1093.1619867915288
sum_of_per_request_e2e_ms_with_persistence_scenario,dialog,visdial:91001,Prefix45,0.45,worst,9,False,True,False,1939.0010782517493,1121.3720380328596,817.6290402188897,5667.069152230397,5866.363973822445,-199.2948215920478
sum_of_per_request_e2e_ms_with_persistence_scenario,dialog,visdial:96511,Prefix25,0.25,hidden,2,False,True,True,815.2540998999029,1059.7614420112222,-244.5073421113193,3036.8932388955727,5407.070790068246,-2370.1775511726737
sum_of_per_request_e2e_ms_with_persistence_scenario,dialog,visdial:96511,Prefix25,0.25,worst,5,False,True,False,1713.9076238963753,1059.7614420112222,654.146181885153,3935.546762892045,5407.070790068246,-1471.5240271762013
sum_of_per_request_e2e_ms_with_persistence_scenario,dialog,visdial:96511,Prefix45,0.45,hidden,2,False,True,True,944.2269189748913,1059.7614420112222,-115.53452303633094,4190.308079123497,5407.070790068246,-1216.7627109447494
sum_of_per_request_e2e_ms_with_persistence_scenario,dialog,visdial:96511,Prefix45,0.45,worst,9,False,True,False,1842.8804429713637,1059.7614420112222,783.1190009601414,5088.961603119969,5407.070790068246,-318.10918694827706
sum_of_per_request_e2e_ms_with_persistence_scenario,aggregate_mean_curve,,Prefix25,0.25,worst,5,False,True,False,1831.5798973513301,1107.5239493499976,724.0559480013326,4456.204811370699,5694.655815722654,-1238.451004351955
sum_of_per_request_e2e_ms_with_persistence_scenario,aggregate_mean_curve,,Prefix25,0.25,hidden,2,False,True,True,851.8348677351605,1107.5239493499976,-255.68908161483705,3476.459781754529,5694.655815722654,-2218.1960339681245
sum_of_per_request_e2e_ms_with_persistence_scenario,aggregate_mean_curve,,Prefix45,0.45,worst,10,False,True,False,1970.2842715848237,1107.5239493499976,862.7603222348262,5655.394072695635,5694.655815722654,-39.26174302701838
sum_of_per_request_e2e_ms_with_persistence_scenario,aggregate_mean_curve,,Prefix45,0.45,hidden,2,False,True,True,990.5392419686541,1107.5239493499976,-116.98470738134347,4675.649043079466,5694.655815722654,-1019.006772643188
