turn_id,method,budget,n_dialogs,quality_mean,history_tokens_mean,ssd_read_bytes_mean,ssd_read_bytes_total,ssd_preads_mean,end_to_end_ttft_ms_mean,end_to_end_ttft_ms_p50,end_to_end_ttft_ms_p95,core_ttft_ms_mean,core_ttft_ms_p50,core_ttft_ms_p95,pre_core_ms_mean,pre_core_ms_p50,pre_core_ms_p95,vision_ms_mean,vision_ms_p50,vision_ms_p95,ssd_read_ms_mean,ssd_read_ms_p50,ssd_read_ms_p95,scatter_ms_mean,scatter_ms_p50,scatter_ms_p95,prefill_ms_mean,prefill_ms_p50,prefill_ms_p95,decode_ms_mean,decode_ms_p50,decode_ms_p95,request_e2e_ms_mean,request_e2e_ms_p50,request_e2e_ms_p95,end_to_end_ttft_delta_vs_recomp_ms,end_to_end_ttft_reduction_vs_recomp_pct
1,ReComp,,100,0.57,18.33,0.0,0,0.0,519.418718641391,525.395508040674,567.8679097385611,504.3081097351387,510.20366098964587,549.0799951250665,15.11060890625231,14.955900493077934,18.394419946707785,38.193628330230716,39.01337432861328,39.14235725402832,0.0,0.0,0.0,0.0,0.0,0.0,504.30803723749705,510.2035975432955,549.0799275808968,29.532409134553745,19.19876749161631,55.98320796270855,549.0454097744077,546.9173025339842,620.4589580593163,0.0,0.0
1,FullLoad,,100,0.57,18.33,0.0,0,0.0,519.5594657992478,527.0253280177712,563.7941089575179,503.97725440212525,510.36435598507524,546.2888556707185,15.582211397122592,15.374970040284097,18.75946272048168,38.208865547180174,38.99843215942383,39.239056777954104,0.0,0.0,0.0,0.0,0.0,0.0,503.977181520313,510.36429294617847,546.2887929752469,29.498444952769205,19.159715506248176,55.41091049090028,549.1536478383932,547.2250045277178,619.3834052945019,0.140747157856822,-0.027097051531943528
1,Prefix25,0.25,100,0.57,18.33,0.0,0,0.0,519.5386953442357,527.148503519129,565.7205092953518,504.3634673964698,510.7480445294641,548.0284100049175,15.175227947765961,15.080162032973021,18.449349503498524,38.1816788482666,39.02976036071777,39.09292640686035,0.0,0.0,0.0,0.0,0.0,0.0,504.36339461710304,510.74796402826905,548.0283286771737,29.47858070838265,19.217088527511805,56.42670029774308,549.1092623875011,547.5204139947891,618.1079989357384,0.11997670284472406,-0.023098263219800685
1,Prefix45,0.45,100,0.57,18.33,0.0,0,0.0,520.153393347282,527.6246374705806,563.496711285552,504.8800123948604,511.30096206907183,547.9637007287238,15.273380952421576,14.987660048063844,18.898401089245453,38.367175846099855,39.116159439086914,39.436363220214844,0.0,0.0,0.0,0.0,0.0,0.0,504.8799379833508,511.30088954232633,547.9636182601098,29.552475315285847,19.109363958705217,55.88502112077549,549.7933848015964,547.7405624696985,619.4137005426453,0.7346747058909386,-0.14144170772523168
2,ReComp,,100,0.41,34.62,0.0,0,0.0,525.2262303140014,531.8825025460683,570.3182321682107,510.0215930317063,516.8158389860764,553.3360394940246,15.204637282295153,15.112464490812272,17.152652819640934,38.62660919189453,39.03483200073242,40.550491905212404,0.0,0.0,0.0,0.0,0.0,0.0,510.02151256543584,516.8157464941032,553.3359644177835,33.15645291702822,19.274059974122792,125.48987462068908,558.4785395755898,565.1072809705511,637.1493518876376,0.0,0.0
2,FullLoad,,100,0.41,34.62,1169434869.76,116943486976,64.0,672.6164964563213,671.1040969821624,795.2557843178511,672.1791759401094,670.7380695152096,794.9449874926358,0.43732051621191204,0.3988585085608065,0.5557105003390461,0.0,0.0,0.0,405.3487756487448,408.8142795371823,486.9387190963607,0.0,0.0,0.0,667.1713394939434,665.3521964908578,789.7434027865529,37.04279314377345,20.372096449136734,142.09671456483193,709.8024575563613,699.946032545995,836.9585075939536,147.3902661423199,-28.06224396946131
2,Prefix25,0.25,100,0.4,34.62,306834309.12,30683430912,65.0,264.54222455853596,263.4887084714137,319.3681607139297,264.134591416223,263.10944149736315,318.8569562335033,0.40763314231298864,0.40080450708046556,0.5303619022015482,0.0,0.0,0.0,129.22463649185374,125.73779019294307,163.42163856606928,51.21278414968401,52.66223050421104,58.711365261115134,50.0756745133549,48.96165500395,61.95940062752925,37.723777937935665,19.455876434221864,153.123277996201,302.72560534765944,290.0864799739793,395.1641813619061,-260.6840057554655,49.63270886140207
2,Prefix45,0.45,100,0.44,34.62,554801561.6,55480156160,65.0,406.13686472177505,407.696005073376,471.8261213856749,405.7255489588715,407.08796703256667,471.44915421376936,0.4113157629035413,0.3799094702117145,0.5638900969643146,0.0,0.0,0.0,211.8116627749987,215.03250813111663,265.064518712461,82.48317145276815,83.04009446874261,92.01404310879298,50.82059357664548,49.32573850965127,62.40192287950776,34.2022316926159,19.414347014389932,130.30307281878777,440.7458571670577,438.928876479622,534.7709103953093,-119.08936559222639,22.673918155426087
3,ReComp,,100,0.4,52.1,0.0,0,0.0,524.7872784396168,532.1689409902319,573.6933186708484,509.6699971356429,517.2228000010364,555.759278149344,15.117281303973868,15.21815947489813,16.95912654395215,38.2077561378479,39.00484848022461,39.155831527709964,0.0,0.0,0.0,0.0,0.0,0.0,509.66992363799363,517.2227194998413,555.7592010416556,34.615117927314714,19.06272949418053,92.02457423089062,559.4948888325598,552.1997439791448,692.8517699881921,0.0,0.0
3,FullLoad,,100,0.39,52.1,1169434869.76,116943486976,64.0,675.3331637044903,668.6761064920574,846.221823414089,674.9323086056393,668.2769045000896,845.8128945785573,0.4008550988510251,0.393423018977046,0.4678372468333691,0.0,0.0,0.0,407.43891872814856,401.2956932419911,493.849072093144,0.0,0.0,0.0,670.0854510907084,663.5334914899431,840.2573439350816,40.24126132717356,20.294931484386325,98.91677407431406,715.716966871405,704.2838669731282,928.4579776227474,150.5458852648735,-28.68703024061503
3,Prefix25,0.25,100,0.38,52.1,306834309.12,30683430912,65.0,265.2373513625935,263.7337074847892,326.2054432067089,264.8435367667116,263.35386448772624,325.7537648198195,0.3938145958818495,0.38132205372676253,0.48726142849773163,0.0,0.0,0.0,131.68246840243228,128.2361027551815,173.6024812562391,51.15487379138358,51.99508124496788,58.12429938232526,49.35250316397287,47.63343301601708,59.834029275225475,51.77301990799606,19.423868507146835,245.98468423355365,317.49662888236344,291.9389450107701,498.7579133652616,-259.5499270770233,49.45812098356491
3,Prefix45,0.45,100,0.39,52.1,554801561.6,55480156160,65.0,408.79378161393106,409.16998154716566,466.7750625812914,408.406865443103,408.81170704960823,466.40649429755285,0.3869161708280444,0.3867115010507405,0.4357832716777921,0.0,0.0,0.0,213.71939998934977,215.29643889516592,263.9573830703739,83.34789987537079,83.9093008544296,92.37244550604373,50.654260099399835,49.44559797877446,64.99515958712436,47.70375892170705,19.449657993391156,247.48622951447024,456.8980145920068,443.1135844788514,626.684553863015,-115.99349682568572,22.10295515748334
4,ReComp,,100,0.42,69.27,0.0,0,0.0,531.2703241303097,537.5318570295349,578.4602087107487,516.1024470918346,521.4289044961333,562.0881811191794,15.167877038475126,15.265328984241933,17.07126937690191,38.16927640914917,38.998464584350586,39.09570465087891,0.0,0.0,0.0,0.0,0.0,0.0,516.1023736081552,521.4288195129484,562.0881066424772,31.73706587869674,19.10878752823919,72.5917927280534,563.1012005149387,563.3982554427348,706.3661876774858,0.0,0.0
4,FullLoad,,100,0.42,69.27,1169434869.76,116943486976,64.0,693.5858727921732,685.7956550084054,833.2283027179074,693.175069965655,685.3837915114127,832.7946890378371,0.4108028265181929,0.4075965262018144,0.4585810645949095,0.0,0.0,0.0,421.8648819299415,419.2044398514554,494.7781488997861,0.0,0.0,0.0,688.3164222026244,680.4837539675646,827.879460726399,37.85718468716368,20.413282967638224,89.62520904606207,731.5853288851213,730.7204465032555,872.9029135603923,162.31554866186343,-30.55234619542777
4,Prefix25,0.25,100,0.41,69.27,306834309.12,30683430912,65.0,275.09706019889563,277.06803497858346,319.14952425286174,274.68591384007595,276.7006150097586,318.7712348473724,0.4111463588196784,0.3943034098483622,0.5093208397738636,0.0,0.0,0.0,138.24603749555536,133.30599159235135,173.34910395438783,52.0011388824787,52.466074004769325,58.542767859762534,51.06977680698037,48.45007002586499,65.28501154971309,44.53074494260363,19.397423486225307,208.03495139698484,320.31014558975585,305.15074147842824,495.60266784392286,-256.1732639314141,48.219004957743515
4,Prefix45,0.45,100,0.39,69.27,554801561.6,55480156160,65.0,412.2263957443647,416.4074499858543,476.35376364924014,411.82802799041383,416.0091499798,475.98238915670663,0.398367753950879,0.3953489940613508,0.4483689146582037,0.0,0.0,0.0,216.83656899258494,218.24071812443435,267.9376694431994,82.62626368785277,83.19077093619853,92.90512456791475,52.36878116149455,51.22059251880273,65.12267559301108,37.53867151797749,19.50013142777607,129.57257954403758,450.1527271140367,449.142639990896,566.8860003468579,-119.04392838594504,22.407411628123608
5,ReComp,,100,0.41,86.87,0.0,0,0.0,533.8868441537488,540.6007344136015,579.1813880612608,518.553670339752,525.2685284940526,563.061763177393,15.333173813996837,15.280699532013386,17.498451261781156,38.20678131103516,39.0043830871582,39.13717823028564,0.0,0.0,0.0,0.0,0.0,0.0,518.5535972646903,525.2684489823878,563.0616885609925,35.09293969953433,19.168922037351876,147.36995825078333,569.0743097173981,565.8475520322099,743.0714385700412,0.0,0.0
5,FullLoad,,100,0.41,86.87,1169434869.76,116943486976,64.0,690.7688630733173,685.1050149998628,838.6799262487328,690.3349721606355,684.700672456529,838.2544380961916,0.433890912681818,0.4338144790381193,0.49811017815954983,0.0,0.0,0.0,422.2130511025898,419.7349055320956,499.338445183821,0.0,0.0,0.0,685.4537664388772,679.8394654761069,833.3075332571751,40.90215467498638,21.06269751675427,148.44178907806048,731.8127230415121,723.2299295137636,921.9741244334728,156.8820189195685,-29.384881953448104
5,Prefix25,0.25,100,0.39,86.87,306834309.12,30683430912,65.0,275.3392960457131,272.0081840525381,330.1408239058219,274.90675366600044,271.6113594942726,329.74343146779574,0.43254237971268594,0.4099045181646943,0.5597325041890144,0.0,0.0,0.0,139.32198556372896,134.827415633481,180.79531448311172,50.93401296180673,52.17394744977355,58.81805628305301,52.2082963376306,52.11128247901797,63.782214309321716,48.591121768113226,19.420490018092096,245.5305595474783,324.6114469214808,306.506211461965,491.42078408040095,-258.5475481080357,48.4274057207484
5,Prefix45,0.45,100,0.39,86.87,554801561.6,55480156160,65.0,411.8169959296938,410.54584650555626,495.05589833133854,411.40227982075885,410.1654679980129,494.60640425095335,0.4147161089349538,0.41552953189238906,0.4764259734656662,0.0,0.0,0.0,217.3705787351355,214.46194150485098,275.49245564150624,81.99069644208066,82.52801530761644,94.74968011491,52.450858927331865,51.95233999984339,63.476502610137686,44.58228808012791,19.487552461214364,195.37224578671132,456.74992114538327,448.56801006244496,620.9738501755055,-122.06984822405502,22.86436715209662
6,ReComp,,100,0.49,103.66,0.0,0,0.0,539.3801154277753,544.1636085161008,582.8273084480315,524.1027095715981,528.5852160304785,566.7714101437014,15.27740585617721,15.259113977663219,17.367831454612315,38.17434555053711,39.00611114501953,39.08863277435303,0.0,0.0,0.0,0.0,0.0,0.0,524.1026358236559,528.5851440276019,566.7713375994936,35.454675713554025,19.12815449759364,198.11678690602997,574.929812445771,570.9230590146035,766.9572639104445,0.0,0.0
6,FullLoad,,100,0.49,103.66,1169434869.76,116943486976,64.0,690.9397158259526,699.8659719829448,802.5343156419694,690.4940851114225,699.411126493942,802.1184192621149,0.44563071453012526,0.43786701280623674,0.5204486369621008,0.0,0.0,0.0,423.27964961645193,425.19364244071767,489.22627842403017,0.0,0.0,0.0,685.5563726648688,694.4524890277535,796.4731324464083,40.340316608780995,20.035371475387365,219.88495209952814,731.422644071281,734.8499185172841,897.4077146267518,151.55960039817728,-28.09884830069742
6,Prefix25,0.25,100,0.47,103.66,306834309.12,30683430912,65.0,280.2031069411896,282.1858059614897,332.50783905969,279.7651475481689,281.7453335155733,332.1185104781762,0.4379593930207193,0.42295054299756885,0.5517007957678288,0.0,0.0,0.0,139.66691062087193,136.300660087727,175.87375256116502,51.82515648659319,52.1596156177111,59.96530772536062,55.350546835688874,55.93767552636564,65.50431677605957,48.79742020042613,19.394284521695226,227.4687367433216,329.751252111746,314.6335830097087,518.7991310784128,-259.1770084865857,48.05090159488653
6,Prefix45,0.45,100,0.49,103.66,554801561.6,55480156160,65.0,418.4164709527977,421.2760774535127,484.8677941772621,417.98375228303485,420.8437299821526,484.43220645422116,0.4327186697628349,0.43003499740734696,0.5078245303593576,0.0,0.0,0.0,219.10105074057356,221.1433799820952,273.74501994345337,82.67797270440497,83.55262503027916,91.18665077257901,56.08322013635188,57.56822845432907,64.08703054767102,43.937263580737635,19.44910903694108,221.97671334142797,462.7896402357146,453.0547665199265,651.7853145254776,-120.96364447497763,22.42641896041031
7,ReComp,,100,0.42,121.53,0.0,0,0.0,544.1037452197634,548.8254249794409,593.119639006909,528.5408915928565,532.020069018472,576.2445223866962,15.562853626906872,15.434539469424635,18.96701479563489,38.19668977737427,38.99542427062988,39.13377571105957,0.0,0.0,0.0,0.0,0.0,0.0,528.5408172849566,532.0199980633333,576.2444668216631,31.506597453262657,19.18341900454834,95.28708704165157,575.7052869256586,571.4846214978024,765.2735073701479,0.0,0.0
7,FullLoad,,100,0.42,121.53,1169434869.76,116943486976,64.0,691.9293875887524,689.4596945494413,821.3662154448683,691.4671749365516,689.0142214833759,820.8914352406281,0.46221265220083296,0.46187901170924306,0.5241169536020607,0.0,0.0,0.0,422.36251497874036,423.2037548208609,503.6707192193717,0.0,0.0,0.0,686.6162806504872,684.2457849998027,815.2654846780932,37.19205081346445,20.513571973424405,139.66686907224343,729.2646668525413,721.3724729954265,884.2663037299644,147.82564236898907,-27.168650035533638
7,Prefix25,0.25,100,0.39,121.53,306834309.12,30683430912,65.0,282.5563285429962,285.5909495265223,324.74170337081887,282.09393320954405,285.1771975401789,324.2523761873599,0.4623953334521502,0.44530100421980023,0.575369322905317,0.0,0.0,0.0,139.1211753047537,136.96377840824425,172.39913070807233,51.26663512783125,52.628646488301456,58.29290068941191,59.0642810810823,59.45029994472861,64.98308957670815,52.89408846059814,19.507079967297614,221.86529651517048,335.8830893377308,312.9213869688101,516.853294923203,-261.54741667676717,48.06940201654525
7,Prefix45,0.45,100,0.42,121.53,554801561.6,55480156160,65.0,421.8704606825486,421.98042647214606,493.2424660073593,421.41599593218416,421.5340269729495,492.8017721395008,0.4544647503644228,0.45493151992559433,0.5222580686677247,0.0,0.0,0.0,219.80328454752453,220.93866596696898,274.83342750929296,82.04064961872064,82.57175434846431,91.48229182465002,59.966651543509215,60.034706024453044,65.04620800260454,42.9372041975148,19.450536463409662,185.42016589199193,465.30774414888583,452.63017347315326,631.0813760908786,-122.23328453721479,22.465069503949987
8,ReComp,,100,0.47,138.35,0.0,0,0.0,548.1381372490432,549.3540829629637,590.8578403119463,532.5265938870143,533.9981464785524,574.957527598599,15.611543362028897,15.357067459262908,18.826821679249406,38.16560411453247,39.00499153137207,39.17506580352783,0.0,0.0,0.0,0.0,0.0,0.0,532.526517821243,533.998069469817,574.9574380577542,29.718700492521748,18.974192556925118,59.86225287779209,577.9511874553282,573.0107264826074,740.4438188648783,0.0,0.0
8,FullLoad,,100,0.47,138.35,1169434869.76,116943486976,64.0,692.787004535785,702.0443904912099,833.0551718885544,692.3074923397508,701.5392199973576,832.6045378635171,0.47951219603419304,0.4789574886672199,0.5707705160602927,0.0,0.0,0.0,423.9388043608051,427.5697029661387,510.2975852205418,0.0,0.0,0.0,687.4685809842777,696.6815065243281,827.6308702188543,36.13171807373874,20.268469001166523,147.36235213349573,729.063693836797,731.0684369876981,924.2756640771403,144.64886728674173,-26.389126655681206
8,Prefix25,0.25,100,0.43,138.35,306834309.12,30683430912,65.0,286.8710105482023,285.940405970905,339.8821405833587,286.39982589287683,285.4837574996054,339.3152794567868,0.47118465532548726,0.45864947605878115,0.5719445878639817,0.0,0.0,0.0,140.4724967153743,135.67878905450925,180.7135340059176,51.80877321748994,52.39163769874722,59.40308510907926,61.18368815514259,61.527780489996076,65.93567872187123,44.5566328719724,19.362168561201543,203.37694266927429,332.0456665090751,314.5343190408312,495.8957782480866,-261.2671267008409,47.664467940886176
8,Prefix45,0.45,100,0.47,138.35,554801561.6,55480156160,65.0,426.3785038108472,428.46460751025006,513.6932673573028,425.91256274608895,427.96868446748704,513.2259391364641,0.4659410647582263,0.4625504952855408,0.5291127017699182,0.0,0.0,0.0,222.45452385162935,219.2222677404061,285.8399196411483,82.42421938339248,81.92039671121165,93.11791119398549,61.253457554848865,61.22507498366758,66.06891572591849,40.44344699126668,19.33832047507167,203.27911532367577,467.33912937226705,452.91470451047644,623.5368586378171,-121.75963343819603,22.213311784739997
9,ReComp,,100,0.48,155.41,0.0,0,0.0,550.4912801354658,553.3336249645799,613.788529636804,535.1092034229077,537.8010144922882,598.2209681416862,15.382076712558046,15.296414552722126,17.740732367383316,38.180928554534916,38.996896743774414,39.11270523071289,0.0,0.0,0.0,0.0,0.0,0.0,535.1091280917171,537.8009370178916,598.2208918372635,30.42201152886264,19.05900950077921,109.55798270879302,581.00797285093,574.3912240141071,683.9511858532204,0.0,0.0
9,FullLoad,,100,0.49,155.41,1169434869.76,116943486976,64.0,685.7138332002796,672.3187625175342,866.1915187549312,685.2200325683225,671.8409210443497,865.7423424185254,0.49380063195712864,0.49156195018440485,0.5876492592506111,0.0,0.0,0.0,419.2282943264581,418.5121398186311,530.4592978558503,0.0,0.0,0.0,680.3606372734066,666.8393569998443,860.0480534892995,33.758513000793755,20.13064600760117,90.26443535112769,719.6162647230085,701.3546979869716,901.2840032461099,135.22255306481384,-24.56397729525126
9,Prefix25,0.25,100,0.46,155.41,306834309.12,30683430912,65.0,288.56514206156135,286.59451100975275,336.2907702510711,288.07725011371076,286.13593499176204,335.75755152269267,0.487891947850585,0.4740784643217921,0.607479445170611,0.0,0.0,0.0,140.03266149316914,135.88451244868338,179.08952560974285,52.28160441038199,53.41497098561376,58.294972707517445,62.14448189595714,62.572534021455795,66.66225855587982,46.814855467528105,19.36516002751887,226.2629809090867,336.1205161351245,314.83586848480627,488.139697688166,-261.92613807390444,47.580433610038156
9,Prefix45,0.45,100,0.51,155.41,554801561.6,55480156160,65.0,425.6328432657756,435.17109798267484,495.5840702226851,425.15238345600665,434.7068934584968,495.0565369799733,0.480459809768945,0.48162502935156226,0.5551985814236104,0.0,0.0,0.0,221.67295455816202,226.821691961959,277.9886392178014,81.89273219439201,82.4271019664593,91.4545746636577,62.04447461175732,62.42763844784349,66.37678915867582,38.243787051178515,19.406151957809925,185.71487027220428,464.26079392665997,466.63355198688805,616.0605134617072,-124.8584368696902,22.681274231803428
10,ReComp,,100,0.45,172.6,0.0,0,0.0,556.3876952102873,558.0453345319256,616.8293828319293,540.6045419978909,542.0157225453295,601.0841489420272,15.783153212396428,15.432911517564207,19.16104022529907,38.15041004180908,39.00036811828613,39.096042442321775,0.0,0.0,0.0,0.0,0.0,0.0,540.60446698335,542.0156255131587,601.0840842674952,29.385676780948415,19.032896496355534,59.470290341414305,585.8672076300718,577.0731325028464,742.8628764813766,0.0,0.0
10,FullLoad,,100,0.46,172.6,1169434869.76,116943486976,64.0,682.9318608972244,678.5093595390208,801.4094151731115,682.4226010590792,677.979051542934,800.9087792539503,0.5092598381452262,0.5100634880363941,0.5813478899654001,0.0,0.0,0.0,418.0096814467106,415.14776297844946,501.03197799762705,0.0,0.0,0.0,677.5751041586045,673.0720000341535,796.0479222296271,33.5308118769899,20.28824103763327,60.29474975657645,716.605797278462,714.1670114942826,857.1064462361392,126.54416568693705,-22.74388286734299
10,Prefix25,0.25,100,0.43,172.6,306834309.12,30683430912,65.0,286.64680330315605,285.9751879586838,340.90712618199177,286.1443919152953,285.47176549909636,340.3189185599331,0.502411387860775,0.4862615023739636,0.6037846964318303,0.0,0.0,0.0,138.2981220248621,133.79033462842926,176.37982710730284,51.127595618600026,52.33795242384076,60.552338499110185,64.00296557578258,63.39613196905702,70.7597390108276,41.23893973999657,19.45619547041133,186.97405493585387,328.4061685320921,312.2646780102514,478.7194392294623,-269.7408919071313,48.48074359465884
10,Prefix45,0.45,100,0.46,172.6,554801561.6,55480156160,65.0,426.9953226391226,437.144884490408,499.14854217204265,426.493353783153,436.6444504703395,498.66523329983465,0.5019688559696078,0.4949939902871847,0.5708748358301818,0.0,0.0,0.0,220.73933606036007,228.30155404517427,277.48576998128556,81.9007929158397,82.50700472854078,94.15462113684043,64.43820956978016,64.25734201911837,70.63602922135031,34.24234929610975,19.346386950928718,130.9562716283835,461.6118305758573,458.17393047036603,589.1137646918651,-129.39237257116474,23.255793340695785
